County,State,Value,
Blaine,NE,1.1,  
Denali,AK,1.3,  
Loup,NE,1.7,  
Falls Church,VA,1.8,  
Rich,UT,1.9,  
Petroleum,MT,1.9,  
Los Alamos,NM,2,  
Gilpin,CO,2,  
Ouray,CO,2,  
Clear Creek,CO,2.1,  
Douglas,CO,2.1,  
Morgan,UT,2.8,  
Grant,NE,2.9,  
Gallatin,MT,3.2,  
Story,IA,3.2,  
Delaware,OH,3.3,  
Dukes,MA,3.4,  
Haines,AK,3.4,  
San Juan,CO,3.5,  
Garfield,WA,3.5,  
Park,CO,3.6,  
Mineral,CO,3.6,  
Elbert,CO,3.7,  
Judith Basin,MT,3.7,  
Steele,ND,3.8,  
Latah,ID,3.8,  
Hamilton,IN,3.8,  
Ozaukee,WI,3.8,  
Albany,WY,3.8,  
Sublette,WY,3.8,  
St. Croix,WI,3.9,  
San Juan,WA,3.9,  
Brookings,SD,3.9,  
Routt,CO,3.9,  
Washington,NE,3.9,  
Garfield,NE,3.9,  
Frontier,NE,3.9,  
Carver,MN,3.9,  
Washington,MN,3.9,  
Juneau,AK,4,  
Waukesha,WI,4,  
Poquoson,VA,4.1,  
Valdez-Cordova,AK,4.1,  
Bremer,IA,4.1,  
Riley,KS,4.1,  
Cook,MN,4.1,  
Lake,MN,4.2,  
Fallon,MT,4.2,  
McLean,IL,4.2,  
Larimer,CO,4.2,  
Broomfield,CO,4.2,  
Gunnison,CO,4.3,  
Johnson,KS,4.3,  
Warren,IA,4.3,  
Banner,NE,4.3,  
Park,MT,4.3,  
Prairie,MT,4.3,  
Barnstable,MA,4.4,  
Adams,ND,4.4,  
Dickinson,IA,4.4,  
Dane,WI,4.4,  
Davis,UT,4.4,  
Williamson,TN,4.5,  
Whitman,WA,4.6,  
Johnson,WY,4.6,  
Dallas,IA,4.6,  
Madison,ID,4.6,  
Kiowa,CO,4.6,  
Grand,CO,4.6,  
Benton,OR,4.6,  
Livingston,MI,4.6,  
Howard,MD,4.7,  
Stillwater,MT,4.7,  
Pitkin,CO,4.7,  
Douglas,KS,4.7,  
Mitchell,KS,4.7,  
Sheridan,WY,4.7,  
Thomas,KS,4.8,  
Monroe,IL,4.8,  
Grundy,IA,4.8,  
La Plata,CO,4.8,  
Cass,NE,4.8,  
Dawes,NE,4.8,  
Lewis and Clark,MT,4.8,  
Platte,MO,4.8,  
Leelanau,MI,4.8,  
Sarpy,NE,4.8,  
Catron,NM,4.8,  
Wayne,NE,4.9,  
Washtenaw,MI,4.9,  
Arthur,NE,4.9,  
Powder River,MT,4.9,  
Missoula,MT,4.9,  
Teller,CO,4.9,  
Johnson,IA,4.9,  
Champaign,IL,4.9,  
Republic,KS,4.9,  
Park,WY,4.9,  
Teton,WY,4.9,  
Daggett,UT,4.9,  
Sully,SD,5,  
Clay,SD,5,  
Lincoln,SD,5,  
Jackson,KS,5,  
Rockingham,NH,5,  
Hunterdon,NJ,5.1,  
Cheyenne,NE,5.1,  
Scott,MN,5.1,  
Sagadahoc,ME,5.1,  
Miami,KS,5.1,  
Kossuth,IA,5.1,  
Fayette,GA,5.1,  
Island,WA,5.1,  
Jefferson,IA,5.2,  
Ottawa,KS,5.2,  
Sherman,KS,5.2,  
Jewell,KS,5.2,  
Douglas,MN,5.2,  
Jefferson,MT,5.2,  
Wheeler,NE,5.2,  
Garden,NE,5.2,  
Storey,NV,5.3,  
Dakota,MN,5.3,  
Dodge,MN,5.3,  
Clay,MN,5.3,  
Cumberland,ME,5.3,  
Grand Traverse,MI,5.3,  
Keweenaw,MI,5.3,  
Pottawatomie,KS,5.3,  
Winneshiek,IA,5.3,  
Linn,IA,5.3,  
Ada,ID,5.3,  
Meade,SD,5.3,  
Boulder,CO,5.4,  
Fairbanks North Star,AK,5.4,  
Piatt,IL,5.4,  
Woodford,IL,5.4,  
Rawlins,KS,5.4,  
Marquette,MI,5.4,  
Beaverhead,MT,5.4,  
Hooker,NE,5.4,  
Tompkins,NY,5.5,  
Broadwater,MT,5.5,  
St. Charles,MO,5.5,  
Sherburne,MN,5.5,  
Olmsted,MN,5.5,  
Hampshire,MA,5.5,  
Placer,CA,5.5,  
Borden,TX,5.5,  
Jefferson,WA,5.5,  
Pierce,WI,5.5,  
Washington,WI,5.6,  
Bayfield,WI,5.6,  
St. Johns,FL,5.6,  
Palo Alto,IA,5.6,  
Valley,ID,5.6,  
Madison,IA,5.6,  
Wright,MN,5.6,  
Blue Earth,MN,5.6,  
Sussex,NJ,5.6,  
Somerset,NJ,5.7,  
Pierce,NE,5.7,  
Cass,ND,5.7,  
Grand Forks,ND,5.7,  
Flathead,MT,5.7,  
Gosper,NE,5.7,  
Oconee,GA,5.7,  
Jefferson,CO,5.7,  
Kitsap,WA,5.7,  
James City,VA,5.7,  
Williamsburg,VA,5.8,  
La Crosse,WI,5.8,  
Cedar,IA,5.8,  
Lincoln,KS,5.8,  
Boyd,NE,5.8,  
Daniels,MT,5.8,  
Houston,MN,5.8,  
Clinton,MI,5.8,  
Hancock,ME,5.8,  
Wood,OH,5.8,  
Allegheny,PA,5.9,  
Butler,PA,5.9,  
Red Willow,NE,5.9,  
Nantucket,MA,5.9,  
Valley,MT,5.9,  
Seminole,FL,5.9,  
Tolland,CT,5.9,  
York,VA,5.9,  
Montgomery,PA,5.9,  
Washington,RI,6,  
Utah,UT,6,  
Middlesex,CT,6,  
Adair,IA,6,  
Sweet Grass,MT,6,  
Garfield,MT,6,  
Emmet,MI,6,  
Chisago,MN,6,  
Kearney,NE,6,  
York,NE,6,  
Morris,NJ,6,  
Medina,OH,6,  
Thomas,NE,6.1,  
Nemaha,NE,6.1,  
Saratoga,NY,6.1,  
Carlton,MN,6.1,  
Norfolk,MA,6.1,  
Carbon,MT,6.1,  
McCone,MT,6.1,  
Madison,MT,6.1,  
Hancock,IN,6.1,  
Chittenden,VT,6.1,  
Arlington,VA,6.1,  
Harding,SD,6.1,  
Iowa,WI,6.1,  
Door,WI,6.2,  
Outagamie,WI,6.2,  
Thurston,WA,6.2,  
King George,VA,6.2,  
Custer,SD,6.2,  
Lawrence,SD,6.2,  
Grand Isle,VT,6.2,  
Kane,UT,6.2,  
Irion,TX,6.2,  
Adams,IA,6.2,  
Boone,IA,6.2,  
Boone,NE,6.2,  
Buffalo,NE,6.2,  
Fergus,MT,6.2,  
Dickinson,MI,6.2,  
Kalamazoo,MI,6.2,  
Calvert,MD,6.2,  
Goodhue,MN,6.2,  
Anoka,MN,6.3,  
Midland,MI,6.3,  
Oakland,MI,6.3,  
Pope,MN,6.3,  
Knox,ME,6.3,  
Rock,NE,6.3,  
Burleigh,ND,6.3,  
Bucks,PA,6.3,  
Boone,IN,6.3,  
Bear Lake,ID,6.3,  
Custer,CO,6.3,  
El Paso,CO,6.3,  
Summit,UT,6.3,  
Washington,VT,6.3,  
Stafford,VA,6.3,  
Iron,WI,6.3,  
Douglas,WI,6.4,  
Calumet,WI,6.4,  
Collin,TX,6.4,  
Westmoreland,PA,6.4,  
Plumas,CA,6.4,  
San Miguel,CO,6.4,  
Ida,IA,6.4,  
Hendricks,IN,6.4,  
Posey,IN,6.4,  
Hamilton,NE,6.4,  
Eaton,MI,6.4,  
Delta,MI,6.4,  
Charlevoix,MI,6.4,  
St. Louis,MN,6.4,  
Treasure,MT,6.4,  
Chouteau,MT,6.5,  
Boone,MO,6.5,  
Nicollet,MN,6.5,  
Douglas,NV,6.5,  
Centre,PA,6.5,  
Deschutes,OR,6.5,  
Renville,ND,6.5,  
Ward,ND,6.5,  
Auglaize,OH,6.5,  
Cerro Gordo,IA,6.5,  
Lane,KS,6.5,  
Oldham,KY,6.5,  
Boise,ID,6.5,  
Nevada,CA,6.5,  
Sitka,AK,6.5,  
Fall River,SD,6.5,  
Pennington,SD,6.5,  
Box Elder,UT,6.5,  
Portage,WI,6.5,  
Loudoun,VA,6.5,  
Virginia Beach,VA,6.6,  
Spokane,WA,6.6,  
Anchorage,AK,6.6,  
Summit,CO,6.6,  
Sheridan,KS,6.6,  
Clark,KS,6.6,  
Clay,IA,6.6,  
Hancock,IA,6.6,  
Towner,ND,6.6,  
Carroll,NH,6.6,  
Polk,NE,6.6,  
Phelps,NE,6.6,  
Burlington,NJ,6.6,  
Itasca,MN,6.6,  
Crow Wing,MN,6.6,  
Cedar,NE,6.6,  
Red Lake,MN,6.7,  
Lac qui Parle,MN,6.7,  
Merrimack,NH,6.7,  
Lancaster,NE,6.7,  
Grundy,IL,6.7,  
Brown,KS,6.7,  
Graham,KS,6.7,  
Wabaunsee,KS,6.7,  
Dunn,WI,6.7,  
Cache,UT,6.7,  
Emery,UT,6.7,  
Newport,RI,6.7,  
Lake,SD,6.8,  
Eau Claire,WI,6.8,  
Laramie,WY,6.8,  
Trego,KS,6.8,  
Smith,KS,6.8,  
Phillips,KS,6.8,  
Ellis,KS,6.8,  
Marion,IA,6.8,  
Leon,FL,6.8,  
Marin,CA,6.8,  
Ontario,NY,6.8,  
Dare,NC,6.8,  
Warren,OH,6.8,  
Clackamas,OR,6.8,  
Golden Valley,MT,6.8,  
St. Louis,MO,6.8,  
Greeley,NE,6.9,  
Lincoln,NE,6.9,  
Nuckolls,NE,6.9,  
Saunders,NE,6.9,  
Kingman,KS,6.9,  
Jasper,IA,6.9,  
Polk,WI,6.9,  
Stanley,SD,6.9,  
Carson,TX,6.9,  
Kendall,TX,6.9,  
Williamson,TX,7,  
Wasatch,UT,7,  
Calhoun,IA,7,  
Buchanan,IA,7,  
Warrick,IN,7,  
Washington,CO,7,  
Seward,NE,7,  
Merrick,NE,7,  
Teton,MT,7,  
Hennepin,MN,7,  
Lincoln,ME,7,  
Waldo,ME,7.1,  
Harford,MD,7.1,  
Yellowstone,MT,7.1,  
Richland,MT,7.1,  
Clay,MO,7.1,  
Keya Paha,NE,7.1,  
Cheshire,NH,7.1,  
Sherman,OR,7.1,  
Chester,PA,7.1,  
Wheeler,OR,7.1,  
Wallowa,OR,7.1,  
El Dorado,CA,7.1,  
Sierra,CA,7.1,  
Kootenai,ID,7.1,  
McDonough,IL,7.1,  
Marshall,IL,7.1,  
Turner,SD,7.1,  
Hanover,VA,7.1,  
Lincoln,WY,7.1,  
Columbia,WI,7.2,  
Addison,VT,7.2,  
Roberts,TX,7.2,  
McHenry,IL,7.2,  
Tazewell,IL,7.2,  
Benton,IA,7.2,  
Fremont,IA,7.2,  
Geary,KS,7.2,  
Hinsdale,CO,7.2,  
Greene,OH,7.2,  
Hitchcock,NE,7.2,  
Monmouth,NJ,7.2,  
Putnam,NY,7.2,  
Middlesex,MA,7.2,  
Franklin,MA,7.2,  
Kittson,MN,7.2,  
Wilkin,MN,7.2,  
Winona,MN,7.2,  
Waseca,MN,7.2,  
Grant,MN,7.2,  
Hubbard,MN,7.3,  
Ontonagon,MI,7.3,  
Plymouth,MA,7.3,  
Charles,MD,7.3,  
York,ME,7.3,  
Clinton,MO,7.3,  
Valley,NE,7.3,  
Putnam,OH,7.3,  
Mercer,OH,7.3,  
Union,OR,7.3,  
Beaver,PA,7.3,  
Delaware,PA,7.3,  
Chattahoochee,GA,7.3,  
Poweshiek,IA,7.3,  
Marshall,KS,7.3,  
Boone,KY,7.3,  
Lucas,IA,7.3,  
Scott,IL,7.3,  
Teton,ID,7.3,  
DeKalb,IL,7.3,  
Hyde,SD,7.3,  
Beaufort,SC,7.3,  
King,WA,7.3,  
New Kent,VA,7.4,  
Florence,WI,7.4,  
Burnett,WI,7.4,  
Vilas,WI,7.4,  
Crook,WY,7.4,  
Wood,WI,7.4,  
Hamlin,SD,7.4,  
Hancock,IL,7.4,  
Menard,IL,7.4,  
Hamilton,IA,7.4,  
Carroll,IA,7.4,  
Hodgeman,KS,7.4,  
Jefferson,KS,7.4,  
Plymouth,IA,7.4,  
Mills,IA,7.4,  
Barber,KS,7.4,  
Coffey,KS,7.4,  
Cheyenne,KS,7.4,  
Bristol Bay,AK,7.4,  
Kenai Peninsula,AK,7.4,  
Williams,ND,7.4,  
Sherman,NE,7.4,  
Sioux,NE,7.4,  
Albany,NY,7.4,  
Orange,NC,7.4,  
Nodaway,MO,7.4,  
Dawson,MT,7.4,  
Frederick,MD,7.4,  
Becker,MN,7.4,  
Koochiching,MN,7.4,  
Martin,MN,7.5,  
Pennington,MN,7.5,  
Steele,MN,7.5,  
Franklin,ME,7.5,  
Benzie,MI,7.5,  
Custer,NE,7.5,  
Grafton,NH,7.5,  
Gloucester,NJ,7.5,  
Logan,NE,7.5,  
Traill,ND,7.5,  
Wake,NC,7.5,  
Hancock,OH,7.5,  
Sarasota,FL,7.5,  
Forsyth,GA,7.5,  
Comanche,KS,7.5,  
Nemaha,KS,7.5,  
Iowa,IA,7.5,  
Putnam,IL,7.5,  
Windsor,VT,7.5,  
Botetourt,VA,7.5,  
Iron,UT,7.5,  
Hot Springs,WY,7.5,  
Chippewa,WI,7.5,  
Green,WI,7.5,  
Kewaunee,WI,7.6,  
Sheboygan,WI,7.6,  
Winnebago,WI,7.6,  
Platte,WY,7.6,  
Juab,UT,7.6,  
Windham,VT,7.6,  
Washington,UT,7.6,  
Lamoille,VT,7.6,  
Hand,SD,7.6,  
Hanson,SD,7.6,  
Potter,SD,7.6,  
Sangamon,IL,7.6,  
DuPage,IL,7.6,  
Guthrie,IA,7.6,  
Butler,IA,7.6,  
Atchison,KS,7.6,  
Allen,KS,7.6,  
O'Brien,IA,7.6,  
Scott,IA,7.6,  
Henry,OH,7.6,  
McKenzie,ND,7.6,  
Belknap,NH,7.6,  
Strafford,NH,7.6,  
Cass,MO,7.6,  
Ingham,MI,7.6,  
Stevens,MN,7.6,  
Wabasha,MN,7.6,  
Lyon,MN,7.6,  
Jackson,MN,7.6,  
Meeker,MN,7.7,  
Gogebic,MI,7.7,  
Brown,NE,7.7,  
New Hanover,NC,7.7,  
Sargent,ND,7.7,  
Worth,IA,7.7,  
Butler,KS,7.7,  
Greene,IA,7.7,  
Dubuque,IA,7.7,  
Jones,IA,7.7,  
Keokuk,IA,7.7,  
Lee,IA,7.7,  
Porter,IN,7.7,  
Madison,IL,7.7,  
Hawaii,HI,7.7,  
Columbia,GA,7.7,  
Arapahoe,CO,7.7,  
Jones,SD,7.7,  
Washington,PA,7.7,  
Oneida,WI,7.7,  
Whatcom,WA,7.7,  
Fairfax City,VA,7.8,  
Natrona,WY,7.8,  
Comal,TX,7.8,  
Rio Blanco,CO,7.8,  
Mercer,IL,7.8,  
Clay,KS,7.8,  
Ottawa,OH,7.8,  
Howard,NE,7.8,  
Cherry,NE,7.8,  
Meagher,MT,7.8,  
Carroll,MD,7.8,  
Roseau,MN,7.8,  
Benton,MN,7.8,  
Ottawa,MI,7.8,  
Shiawassee,MI,7.8,  
Menominee,MI,7.8,  
McLeod,MN,7.9,  
Fillmore,NE,7.9,  
Franklin,NE,7.9,  
Custer,MT,7.9,  
Holt,NE,7.9,  
Lake,OH,7.9,  
Union,OH,7.9,  
Van Wert,OH,7.9,  
Sac,IA,7.9,  
Pocahontas,IA,7.9,  
Sumner,KS,7.9,  
Shelby,IL,7.9,  
Washington,IL,7.9,  
Effingham,IL,7.9,  
Jackson,IL,7.9,  
Henry,IA,7.9,  
Alachua,FL,7.9,  
Maui,HI,7.9,  
Butte,ID,7.9,  
Matanuska-Susitna,AK,7.9,  
Shelby,AL,7.9,  
Orange,VT,7.9,  
Warren,PA,7.9,  
Wyoming,PA,7.9,  
Faulk,SD,7.9,  
Brown,SD,7.9,  
Roanoke,VA,7.9,  
Ohio,WV,7.9,  
Washburn,WI,7.9,  
Montgomery,VA,8,  
Fairfax,VA,8,  
Chesapeake,VA,8,  
Clallam,WA,8,  
Clark,WA,8,  
Spink,SD,8,  
Denton,TX,8,  
Caribou,ID,8,  
Bannock,ID,8,  
Litchfield,CT,8,  
Des Moines,IA,8,  
Harrison,IA,8,  
Jo Daviess,IL,8,  
Nez Perce,ID,8,  
Kendall,IL,8,  
Osborne,KS,8,  
Ringgold,IA,8,  
Chase,KS,8,  
Franklin,KS,8,  
Cavalier,ND,8,  
Elk,PA,8,  
Canadian,OK,8,  
Stanton,NE,8,  
Thayer,NE,8,  
Bergen,NJ,8,  
Butler,NE,8,  
Johnson,MO,8,  
Stearns,MN,8,  
Anne Arundel,MD,8,  
Houghton,MI,8,  
Isabella,MI,8,  
Barry,MI,8,  
Queen Anne's,MD,8.1,  
Iron,MI,8.1,  
Mason,MI,8.1,  
Cascade,MT,8.1,  
Webster,NE,8.1,  
Cumberland,PA,8.1,  
Portage,OH,8.1,  
Fairfield,OH,8.1,  
Gove,KS,8.1,  
Washington,KS,8.1,  
Neosho,KS,8.1,  
Mahaska,IA,8.1,  
Monroe,IN,8.1,  
New London,CT,8.1,  
Flagler,FL,8.1,  
Ketchikan Gateway,AK,8.1,  
Yakutat,AK,8.1,  
Tooele,UT,8.1,  
Minnehaha,SD,8.1,  
Chesterfield,VA,8.1,  
Putnam,WV,8.1,  
Snohomish,WA,8.1,  
Weston,WY,8.1,  
Uinta,WY,8.2,  
Marathon,WI,8.2,  
Ashland,WI,8.2,  
Fond du Lac,WI,8.2,  
Montgomery,TN,8.2,  
Rutland,VT,8.2,  
Kauai,HI,8.2,  
Humboldt,IA,8.2,  
Hardin,IA,8.2,  
Pratt,KS,8.2,  
Hillsborough,NH,8.2,  
Rensselaer,NY,8.2,  
Sheridan,MT,8.2,  
Box Butte,NE,8.3,  
Christian,MO,8.3,  
Brown,MN,8.3,  
Isanti,MN,8.3,  
Warren,NY,8.3,  
Bowman,ND,8.3,  
Morton,ND,8.3,  
Nelson,ND,8.3,  
Grant,OK,8.3,  
Rogers,OK,8.3,  
Clinton,IA,8.3,  
Johnson,IN,8.3,  
Adams,IL,8.3,  
Fulton,GA,8.3,  
Brevard,FL,8.3,  
Rockwall,TX,8.3,  
Randall,TX,8.3,  
Perkins,SD,8.3,  
Codington,SD,8.3,  
Buffalo,WI,8.3,  
Grant,WI,8.3,  
Pepin,WI,8.3,  
Monongalia,WV,8.3,  
Fluvanna,VA,8.3,  
Pike,PA,8.4,  
Sumter,FL,8.4,  
Okaloosa,FL,8.4,  
Chaffee,CO,8.4,  
De Witt,IL,8.4,  
Shawnee,KS,8.4,  
Logan,KS,8.4,  
Leavenworth,KS,8.4,  
Winnebago,IA,8.4,  
Mountrail,ND,8.4,  
Erie,OH,8.4,  
Knox,NE,8.4,  
Keith,NE,8.4,  
Otsego,MI,8.4,  
Le Sueur,MN,8.4,  
Lincoln,MN,8.5,  
Greene,MO,8.5,  
Richardson,NE,8.5,  
Bottineau,ND,8.5,  
Lane,OR,8.5,  
Clatsop,OR,8.5,  
Wallace,KS,8.5,  
Clark,IL,8.5,  
Carroll,IL,8.5,  
Morgan,IL,8.5,  
Jackson,IA,8.5,  
Southeast Fairbanks,AK,8.5,  
Bryan,GA,8.5,  
Camden,GA,8.5,  
Bonneville,ID,8.5,  
Kent,RI,8.5,  
Wahkiakum,WA,8.5,  
Sawyer,WI,8.6,  
Jefferson,WI,8.6,  
Manitowoc,WI,8.6,  
Brown,WI,8.6,  
Fauquier,VA,8.6,  
Mathews,VA,8.6,  
Alexandria,VA,8.6,  
Goshen,WY,8.6,  
Union,SD,8.6,  
Albemarle,VA,8.6,  
Honolulu,HI,8.6,  
Nassau,FL,8.6,  
Delaware,IA,8.6,  
Stephenson,IL,8.6,  
Jersey,IL,8.6,  
McPherson,KS,8.6,  
Webster,IA,8.6,  
Washington,IA,8.6,  
Polk,IA,8.6,  
Cleveland,OK,8.6,  
Burke,ND,8.6,  
Lincoln,NM,8.6,  
Onslow,NC,8.6,  
Cole,MO,8.6,  
Silver Bow,MT,8.6,  
Cass,MN,8.6,  
Penobscot,ME,8.6,  
Kennebec,ME,8.7,  
Aitkin,MN,8.7,  
Polk,MN,8.7,  
Otter Tail,MN,8.7,  
Andrew,MO,8.7,  
Ramsey,ND,8.7,  
Summit,OH,8.7,  
Payne,OK,8.7,  
Washington,OR,8.7,  
Union,IA,8.7,  
Decatur,KS,8.7,  
Cloud,KS,8.7,  
Calhoun,IL,8.7,  
Wells,IN,8.7,  
Tippecanoe,IN,8.7,  
Marshall,SD,8.7,  
Sweetwater,WY,8.7,  
Campbell,WY,8.7,  
Fredericksburg,VA,8.7,  
Goochland,VA,8.7,  
Menominee,WI,8.7,  
Waupaca,WI,8.8,  
Marinette,WI,8.8,  
Pierce,WA,8.8,  
Henrico,VA,8.8,  
Archer,TX,8.8,  
Garfield,UT,8.8,  
Clayton,IA,8.8,  
Ness,KS,8.8,  
Harvey,KS,8.8,  
Rooks,KS,8.8,  
Monroe,FL,8.8,  
Cobb,GA,8.8,  
Faulkner,AR,8.8,  
McLean,ND,8.8,  
Ocean,NJ,8.8,  
Otoe,NE,8.8,  
Eureka,NV,8.8,  
Holt,MO,8.8,  
Carter,MT,8.8,  
Fillmore,MN,8.8,  
Oxford,ME,8.9,  
Baltimore,MD,8.9,  
Montgomery,MD,8.9,  
Erie,NY,8.9,  
Genesee,NY,8.9,  
Madison,NY,8.9,  
Stark,ND,8.9,  
Fulton,OH,8.9,  
Dewey,OK,8.9,  
Clay,FL,8.9,  
Bonner,ID,8.9,  
Russell,KS,8.9,  
Tama,IA,8.9,  
Shelby,IA,8.9,  
Monona,IA,8.9,  
Montgomery,IA,8.9,  
Black Hawk,IA,8.9,  
Whitley,IN,8.9,  
Bureau,IL,8.9,  
Grand,UT,8.9,  
Bennington,VT,8.9,  
Yankton,SD,8.9,  
Lincoln,WA,8.9,  
Kittitas,WA,8.9,  
Fremont,WY,8.9,  
Lincoln,WI,9,  
Shawano,WI,9,  
Walworth,WI,9,  
Sauk,WI,9,  
Sanborn,SD,9,  
Charleston,SC,9,  
Oneida,ID,9,  
Warren,IN,9,  
Fayette,IA,9,  
Taylor,IA,9,  
New Castle,DE,9,  
Roger Mills,OK,9,  
Multnomah,OR,9,  
Stutsman,ND,9,  
Richland,ND,9,  
Mercer,ND,9,  
Nassau,NY,9,  
Otsego,NY,9,  
Niagara,NY,9,  
Harlan,NE,9,  
Alpena,MI,9,  
Antrim,MI,9,  
Calhoun,MI,9,  
Beltrami,MN,9,  
Traverse,MN,9,  
Shelby,MO,9,  
Ravalli,MT,9,  
Burt,NE,9.1,  
Lake,MT,9.1,  
Madison,MS,9.1,  
Essex,NY,9.1,  
Knox,OH,9.1,  
Erie,PA,9.1,  
Liberty,GA,9.1,  
Dolores,CO,9.1,  
Osage,KS,9.1,  
Williamson,IL,9.1,  
Davison,SD,9.1,  
Knox,TN,9.1,  
Carbon,WY,9.1,  
Monroe,WI,9.2,  
Powhatan,VA,9.2,  
Rutherford,TN,9.2,  
Day,SD,9.2,  
Hughes,SD,9.2,  
Campbell,SD,9.2,  
Montour,PA,9.2,  
Beaver,UT,9.2,  
Will,IL,9.2,  
Coles,IL,9.2,  
Chickasaw,IA,9.2,  
Gibson,IN,9.2,  
Dearborn,IN,9.2,  
Rush,KS,9.2,  
Anderson,KS,9.2,  
Ellsworth,KS,9.2,  
Madison,AL,9.2,  
Sedgwick,CO,9.2,  
Cherokee,GA,9.2,  
Cambria,PA,9.2,  
Seneca,OH,9.2,  
Onondaga,NY,9.2,  
Buncombe,NC,9.2,  
Carteret,NC,9.2,  
Warren,NJ,9.2,  
Cape May,NJ,9.2,  
Monroe,MO,9.2,  
Antelope,NE,9.2,  
Norman,MN,9.2,  
Faribault,MN,9.2,  
Lenawee,MI,9.2,  
Berkshire,MA,9.2,  
Allegan,MI,9.3,  
Lapeer,MI,9.3,  
Yellow Medicine,MN,9.3,  
Sullivan,NH,9.3,  
Nance,NE,9.3,  
Sheridan,NE,9.3,  
Ulster,NY,9.3,  
Defiance,OH,9.3,  
Blair,PA,9.3,  
Polk,OR,9.3,  
Pinellas,FL,9.3,  
Santa Rosa,FL,9.3,  
Houston,GA,9.3,  
Tuolumne,CA,9.3,  
Shasta,CA,9.3,  
Cherokee,IA,9.3,  
Franklin,ID,9.3,  
Clay,IN,9.3,  
St. Clair,IL,9.3,  
Franklin,VT,9.3,  
Edmunds,SD,9.3,  
Kingsbury,SD,9.3,  
Wilson,TN,9.3,  
Bell,TX,9.3,  
Northumberland,VA,9.3,  
Hampton,VA,9.3,  
Langlade,WI,9.3,  
Brooke,WV,9.3,  
Barron,WI,9.4,  
Craig,VA,9.4,  
Clark,SD,9.4,  
Richland,SC,9.4,  
Northampton,PA,9.4,  
Lackawanna,PA,9.4,  
Caledonia,VT,9.4,  
Macoupin,IL,9.4,  
Clarke,IA,9.4,  
Lyon,IA,9.4,  
Escambia,FL,9.4,  
Washington,OK,9.4,  
Franklin,OH,9.4,  
Shelby,OH,9.4,  
Stark,OH,9.4,  
Golden Valley,ND,9.4,  
Cortland,NY,9.4,  
Manistee,MI,9.4,  
Cheboygan,MI,9.4,  
Lamar,MS,9.4,  
Adair,MO,9.5,  
Musselshell,MT,9.5,  
Pulaski,MO,9.5,  
Monroe,MI,9.5,  
Rock,MN,9.5,  
Dutchess,NY,9.5,  
Cumberland,NC,9.5,  
McHenry,ND,9.5,  
Wyandot,OH,9.5,  
Mahoning,OH,9.5,  
Hamilton,OH,9.5,  
Columbia,OR,9.5,  
Logan,OK,9.5,  
Camas,ID,9.5,  
San Luis Obispo,CA,9.5,  
Archuleta,CO,9.5,  
Huerfano,CO,9.5,  
Humboldt,CA,9.5,  
Vermillion,IN,9.5,  
Audubon,IA,9.5,  
Huntington,IN,9.5,  
Wright,IA,9.5,  
Mitchell,IA,9.5,  
Campbell,KY,9.5,  
Fayette,KY,9.5,  
Charlottesville,VA,9.5,  
Colonial Heights,VA,9.5,  
Columbia,WA,9.5,  
Oconto,WI,9.5,  
Big Horn,WY,9.5,  
Price,WI,9.6,  
Kenosha,WI,9.6,  
Skamania,WA,9.6,  
Bristol,RI,9.6,  
Haakon,SD,9.6,  
Grant,SD,9.6,  
Bourbon,KS,9.6,  
Pawnee,KS,9.6,  
Stark,IL,9.6,  
Pulaski,AR,9.6,  
Pierce,ND,9.6,  
Belmont,OH,9.6,  
Chemung,NY,9.6,  
Broome,NY,9.6,  
Sandoval,NM,9.6,  
Rice,MN,9.6,  
Sibley,MN,9.6,  
Jackson,MI,9.6,  
Piscataquis,ME,9.6,  
Worcester,MA,9.7,  
Chippewa,MN,9.7,  
Cottonwood,MN,9.7,  
Cape Girardeau,MO,9.7,  
Esmeralda,NV,9.7,  
Jefferson,NE,9.7,  
Monroe,NY,9.7,  
Jefferson,NY,9.7,  
Kidder,ND,9.7,  
Geauga,OH,9.7,  
Jefferson,OH,9.7,  
Licking,OH,9.7,  
Logan,OH,9.7,  
Cheyenne,CO,9.7,  
District of Columbia,DC,9.7,  
Martin,FL,9.7,  
Lake,IL,9.7,  
Norton,KS,9.7,  
Crawford,KS,9.7,  
Deuel,SD,9.7,  
Butte,SD,9.7,  
Marshall,WV,9.7,  
Crawford,WI,9.7,  
Converse,WY,9.7,  
Rock,WI,9.8,  
Mineral,WV,9.8,  
McKean,PA,9.8,  
Salt Lake,UT,9.8,  
Dickinson,KS,9.8,  
Monroe,IA,9.8,  
Hardin,KY,9.8,  
East Baton Rouge,LA,9.8,  
Bartholomew,IN,9.8,  
Hamilton,IL,9.8,  
Mesa,CO,9.8,  
Baldwin,AL,9.8,  
Yavapai,AZ,9.8,  
Grant,ND,9.8,  
Linn,OR,9.8,  
Schenectady,NY,9.8,  
Moore,NC,9.8,  
Pondera,MT,9.8,  
Clay,NE,9.9,  
Deuel,NE,9.9,  
Hill,MT,9.9,  
St. Clair,MI,9.9,  
Ramsey,MN,9.9,  
Worcester,MD,9.9,  
Ionia,MI,9.9,  
Suffolk,NY,9.9,  
Pawnee,NE,9.9,  
McPherson,NE,9.9,  
Baker,OR,9.9,  
Dunn,ND,9.9,  
Butler,OH,9.9,  
Ransom,ND,9.9,  
Washington,OH,9.9,  
Grant,AR,9.9,  
Moffat,CO,9.9,  
Saline,AR,9.9,  
Mariposa,CA,9.9,  
Henry,GA,9.9,  
Paulding,GA,9.9,  
Doniphan,KS,9.9,  
Kiowa,KS,9.9,  
Saline,KS,9.9,  
Weber,UT,9.9,  
Mercer,PA,9.9,  
Wood,WV,9.9,  
Richland,WI,9.9,  
Lancaster,VA,9.9,  
Salem,VA,10,  
Dorchester,SC,10,  
Sevier,UT,10,  
Cowley,KS,10,  
Sioux,IA,10,  
Lemhi,ID,10,  
Brown,IN,10,  
Macon,IL,10,  
Peoria,IL,10,  
Charlotte,FL,10,  
Calaveras,CA,10,  
Montezuma,CO,10,  
Paulding,OH,10,  
Tioga,NY,10,  
Genesee,MI,10,  
Lake of the Woods,MN,10,  
Adams,NE,10,  
Phillips,MT,10.1,  
Gage,NE,10.1,  
Putnam,MO,10.1,  
Jackson,MO,10.1,  
Muskegon,MI,10.1,  
Chippewa,MI,10.1,  
Gratiot,MI,10.1,  
Steuben,NY,10.1,  
Lewis,NY,10.1,  
Mecklenburg,NC,10.1,  
Montgomery,OH,10.1,  
Clermont,OH,10.1,  
Barnes,ND,10.1,  
Curry,OR,10.1,  
Tillamook,OR,10.1,  
Comanche,OK,10.1,  
Eagle,CO,10.1,  
Lee,AL,10.1,  
New Haven,CT,10.1,  
Idaho,ID,10.1,  
Floyd,IA,10.1,  
Elk,KS,10.1,  
Greenwood,KS,10.1,  
Scott,KY,10.1,  
Gillespie,TX,10.1,  
Lawrence,PA,10.1,  
Moody,SD,10.1,  
Blanco,TX,10.1,  
Armstrong,TX,10.1,  
Asotin,WA,10.1,  
Spotsylvania,VA,10.1,  
Dodge,WI,10.1,  
Lafayette,WI,10.1,  
Pend Oreille,WA,10.1,  
Gloucester,VA,10.2,  
Tioga,PA,10.2,  
Motley,TX,10.2,  
Marion,KS,10.2,  
Page,IA,10.2,  
Spencer,IN,10.2,  
Fremont,CO,10.2,  
Trinity,CA,10.2,  
Alpine,CA,10.2,  
Grant,OR,10.2,  
Wagoner,OK,10.2,  
Dauphin,PA,10.2,  
Billings,ND,10.2,  
Griggs,ND,10.2,  
Union,NC,10.2,  
Herkimer,NY,10.2,  
Orange,NY,10.2,  
Kent,MI,10.2,  
Androscoggin,ME,10.2,  
Mille Lacs,MN,10.2,  
Osage,MO,10.2,  
Granite,MT,10.3,  
Douglas,NE,10.3,  
Caldwell,MO,10.3,  
Rankin,MS,10.3,  
Redwood,MN,10.3,  
Mecosta,MI,10.3,  
Schoolcraft,MI,10.3,  
Freeborn,MN,10.3,  
St. Mary's,MD,10.3,  
Bay,MI,10.3,  
Schuyler,NY,10.3,  
Kimball,NE,10.3,  
Harding,NM,10.3,  
Champaign,OH,10.3,  
Columbia,PA,10.3,  
Harney,OR,10.3,  
Williams,OH,10.3,  
Amador,CA,10.3,  
Greenlee,AZ,10.3,  
Coconino,AZ,10.3,  
Boundary,ID,10.3,  
Custer,ID,10.3,  
Montgomery,IN,10.3,  
DeKalb,IN,10.3,  
Emmet,IA,10.3,  
Lewis,ID,10.3,  
White,IL,10.3,  
Pottawattamie,IA,10.3,  
Jefferson,KY,10.3,  
Carbon,UT,10.3,  
Fort Bend,TX,10.3,  
Jerauld,SD,10.3,  
Benton,WA,10.3,  
Staunton,VA,10.4,  
King William,VA,10.4,  
Prince George,VA,10.4,  
Trempealeau,WI,10.4,  
Racine,WI,10.4,  
Lyman,SD,10.4,  
Venango,PA,10.4,  
Indiana,PA,10.4,  
Sumner,TN,10.4,  
Goliad,TX,10.4,  
Millard,UT,10.4,  
Bedford,VA,10.4,  
Kenton,KY,10.4,  
Whiteside,IL,10.4,  
Wabash,IL,10.4,  
Henderson,IL,10.4,  
Edwards,IL,10.4,  
Ford,IL,10.4,  
Howard,IA,10.4,  
Appanoose,IA,10.4,  
Decatur,IN,10.4,  
Volusia,FL,10.4,  
Carbon,PA,10.4,  
Crawford,OH,10.4,  
Athens,OH,10.4,  
Miami,OH,10.4,  
Wayne,NY,10.4,  
Polk,NC,10.4,  
Morrison,MN,10.4,  
Murray,MN,10.4,  
Atchison,MO,10.4,  
Lafayette,MS,10.5,  
Talbot,MD,10.5,  
Berrien,MI,10.5,  
Allegany,MD,10.5,  
St. Tammany,LA,10.5,  
Henderson,NC,10.5,  
Sandusky,OH,10.5,  
Darke,OH,10.5,  
Lorain,OH,10.5,  
Coos,OR,10.5,  
Delaware,IN,10.5,  
Vanderburgh,IN,10.5,  
Iroquois,IL,10.5,  
Benton,IN,10.5,  
Lycoming,PA,10.5,  
Wayne,PA,10.5,  
Miner,SD,10.5,  
Niobrara,WY,10.5,  
Stevens,WA,10.6,  
Pleasants,WV,10.6,  
Maury,TN,10.6,  
Tripp,SD,10.6,  
Parker,TX,10.6,  
Clay,TX,10.6,  
Clearwater,ID,10.6,  
Allen,IN,10.6,  
Floyd,IN,10.6,  
Cass,IA,10.6,  
Nelson,KY,10.6,  
Fairfield,CT,10.6,  
Hartford,CT,10.6,  
Duval,FL,10.6,  
Jefferson,AL,10.6,  
Douglas,OR,10.6,  
Lincoln,OR,10.6,  
Noble,OK,10.6,  
Preble,OH,10.6,  
Columbia,NY,10.6,  
Allegany,NY,10.6,  
Churchill,NV,10.6,  
Essex,MA,10.6,  
Pine,MN,10.6,  
Wadena,MN,10.6,  
Kanabec,MN,10.6,  
DeSoto,MS,10.6,  
Deer Lodge,MT,10.6,  
Wexford,MI,10.7,  
Macomb,MI,10.7,  
Tuscola,MI,10.7,  
Alger,MI,10.7,  
Middlesex,NJ,10.7,  
Pitt,NC,10.7,  
Hocking,OH,10.7,  
Jackson,OR,10.7,  
Armstrong,PA,10.7,  
Siskiyou,CA,10.7,  
Montrose,CO,10.7,  
Phillips,CO,10.7,  
Chatham,GA,10.7,  
Wayne,IA,10.7,  
Linn,KS,10.7,  
Steuben,IN,10.7,  
Livingston,IL,10.7,  
Horry,SC,10.7,  
Skagit,WA,10.7,  
Newport News,VA,10.7,  
Lexington,SC,10.8,  
Monroe,PA,10.8,  
Luzerne,PA,10.8,  
Jefferson,PA,10.8,  
Logan,IL,10.8,  
Henry,IL,10.8,  
Harrison,IN,10.8,  
Franklin,IA,10.8,  
Montgomery,KS,10.8,  
Clay,NC,10.8,  
Mora,NM,10.8,  
Ralls,MO,10.8,  
Dodge,NE,10.8,  
Chase,NE,10.9,  
Sanders,MT,10.9,  
Garrett,MD,10.9,  
Swift,MN,10.9,  
Perkins,NE,10.9,  
Livingston,NY,10.9,  
Cabarrus,NC,10.9,  
Brunswick,NC,10.9,  
Bradford,PA,10.9,  
Josephine,OR,10.9,  
Cuyahoga,OH,10.9,  
Lyon,KS,10.9,  
Rice,KS,10.9,  
Sedgwick,KS,10.9,  
Daviess,KY,10.9,  
White,IN,10.9,  
Clinton,IL,10.9,  
Bond,IL,10.9,  
Bay,FL,10.9,  
Adams,ID,10.9,  
Towns,GA,10.9,  
Harris,GA,10.9,  
Contra Costa,CA,10.9,  
York,PA,10.9,  
York,SC,10.9,  
Washington,TN,10.9,  
Orange,TX,10.9,  
Sanpete,UT,10.9,  
Marion,WV,10.9,  
Hays,TX,11,  
Pike,GA,11,  
Coweta,GA,11,  
Clay,IL,11,  
Ogle,IL,11,  
Jefferson,IN,11,  
Tipton,IN,11,  
Lawrence,IN,11,  
Hardin,OH,11,  
Trumbull,OH,11,  
Hettinger,ND,11,  
Allen,OH,11,  
Tulsa,OK,11,  
Clarion,PA,11,  
Powell,MT,11,  
Furnas,NE,11,  
Gentry,MO,11,  
Taney,MO,11.1,  
Vernon,MO,11.1,  
Mackinac,MI,11.1,  
Big Stone,MN,11.1,  
Branch,MI,11.1,  
Washita,OK,11.1,  
Gilliam,OR,11.1,  
Dickey,ND,11.1,  
Guilford,NC,11.1,  
Santa Fe,NM,11.1,  
Howard,IN,11.1,  
Lee,IL,11.1,  
Marion,IL,11.1,  
Christian,IL,11.1,  
Caldwell,KY,11.1,  
Woodford,KY,11.1,  
Harper,KS,11.1,  
Manatee,FL,11.1,  
Lee,GA,11.1,  
Delta,CO,11.1,  
San Mateo,CA,11.1,  
Hood,TX,11.1,  
Mason,TX,11.2,  
Donley,TX,11.2,  
Travis,TX,11.2,  
Madison,TN,11.2,  
Bon Homme,SD,11.2,  
Huntingdon,PA,11.2,  
Tyler,WV,11.2,  
Jefferson,WV,11.2,  
Prince William,VA,11.2,  
Butte,CA,11.2,  
Pueblo,CO,11.2,  
Spencer,KY,11.2,  
Bossier,LA,11.2,  
Boyd,KY,11.2,  
Mason,IL,11.2,  
Rock Island,IL,11.2,  
Platte,NE,11.2,  
Foster,ND,11.2,  
Cecil,MD,11.2,  
Saginaw,MI,11.2,  
Renville,MN,11.2,  
Glacier,MT,11.2,  
Lafayette,MO,11.2,  
Camden,MO,11.2,  
Cooper,MO,11.2,  
Roscommon,MI,11.3,  
Huron,MI,11.3,  
Clinton,OH,11.3,  
Oliver,ND,11.3,  
Woods,OK,11.3,  
Pontotoc,OK,11.3,  
Iredell,NC,11.3,  
Schoharie,NY,11.3,  
Richmond,NY,11.3,  
La Salle,IL,11.3,  
Jasper,IL,11.3,  
Henry,IN,11.3,  
Pulaski,IN,11.3,  
Wabash,IN,11.3,  
Pasco,FL,11.3,  
DeKalb,GA,11.3,  
Union,GA,11.3,  
Blaine,ID,11.3,  
Grays Harbor,WA,11.3,  
Vernon,WI,11.3,  
Marquette,WI,11.3,  
Sullivan,PA,11.3,  
Susquehanna,PA,11.3,  
Blount,TN,11.3,  
Hamilton,TN,11.3,  
Lampasas,TX,11.3,  
Wayne,UT,11.4,  
Walworth,SD,11.4,  
Suffolk,VA,11.4,  
Rappahannock,VA,11.4,  
Orange,VA,11.4,  
Broward,FL,11.4,  
Lake,FL,11.4,  
Inyo,CA,11.4,  
Cumberland,IL,11.4,  
Edgar,IL,11.4,  
Carroll,IN,11.4,  
Greeley,KS,11.4,  
Madison,NE,11.4,  
Colfax,NM,11.4,  
Adams,PA,11.4,  
Watauga,NC,11.4,  
Lucas,OH,11.4,  
Wicomico,MD,11.4,  
Marshall,MN,11.4,  
Blaine,MT,11.4,  
Chariton,MO,11.5,  
Presque Isle,MI,11.5,  
Luce,MI,11.5,  
Kandiyohi,MN,11.5,  
Eddy,ND,11.5,  
Cameron,PA,11.5,  
McClain,OK,11.5,  
Bernalillo,NM,11.5,  
Chautauqua,NY,11.5,  
Forsyth,NC,11.5,  
Stafford,KS,11.5,  
Fountain,IN,11.5,  
Clark,IN,11.5,  
Dubois,IN,11.5,  
Lonoke,AR,11.5,  
Kodiak Island,AK,11.5,  
Cowlitz,WA,11.5,  
Green Lake,WI,11.5,  
Jackson,WI,11.5,  
Taylor,WI,11.5,  
Walla Walla,WA,11.5,  
Washakie,WY,11.5,  
North Slope,AK,11.6,  
Indian River,FL,11.6,  
Windham,CT,11.6,  
Union,IN,11.6,  
Schuyler,IL,11.6,  
Woodson,KS,11.6,  
Calloway,KY,11.6,  
Ascension,LA,11.6,  
Washington,NY,11.6,  
Cattaraugus,NY,11.6,  
Camden,NJ,11.6,  
Hayes,NE,11.6,  
Grady,OK,11.6,  
Divide,ND,11.6,  
Ashland,OH,11.6,  
Alcona,MI,11.6,  
Crawford,MI,11.6,  
Lewis,MO,11.6,  
Perry,MO,11.6,  
Dixon,NE,11.6,  
Howard,MO,11.7,  
Marion,MO,11.7,  
Buchanan,MO,11.7,  
Slope,ND,11.7,  
Yamhill,OR,11.7,  
Crawford,PA,11.7,  
Coos,NH,11.7,  
Wyoming,NY,11.7,  
McCracken,KY,11.7,  
Ohio,IN,11.7,  
Jones,GA,11.7,  
Craighead,AR,11.7,  
Aleutians West,AK,11.7,  
Kanawha,WV,11.7,  
Hancock,WV,11.7,  
Schuylkill,PA,11.7,  
Berkeley,SC,11.7,  
McCook,SD,11.7,  
Lehigh,PA,11.8,  
Roberts,SD,11.8,  
Bland,VA,11.8,  
Morris,TX,11.8,  
Grayson,TX,11.8,  
Guadalupe,TX,11.8,  
Coryell,TX,11.8,  
Berkeley,WV,11.8,  
Harrison,WV,11.8,  
Radford,VA,11.8,  
Frederick,VA,11.8,  
Tuscaloosa,AL,11.8,  
Clark,AR,11.8,  
Garland,AR,11.8,  
Pima,AZ,11.8,  
Douglas,GA,11.8,  
Hillsborough,FL,11.8,  
Orange,FL,11.8,  
Putnam,IN,11.8,  
Knox,IN,11.8,  
Pike,IL,11.8,  
Warren,KY,11.8,  
Anderson,KY,11.8,  
Morris,KS,11.8,  
Lincoln,NV,11.8,  
Osage,OK,11.8,  
Pawnee,OK,11.8,  
Carroll,OH,11.8,  
Jefferson,MO,11.8,  
Ray,MO,11.8,  
Schuyler,MO,11.8,  
St. Charles,LA,11.8,  
Lincoln,LA,11.8,  
Montcalm,MI,11.9,  
Missaukee,MI,11.9,  
Big Horn,MT,11.9,  
Linn,MO,11.9,  
Oktibbeha,MS,11.9,  
Kingfisher,OK,11.9,  
St. Lawrence,NY,11.9,  
Oneida,NY,11.9,  
Lake,IN,11.9,  
Shelby,IN,11.9,  
Palm Beach,FL,11.9,  
Glynn,GA,11.9,  
Middlesex,VA,11.9,  
Kerr,TX,11.9,  
Galveston,TX,12,  
Davidson,TN,12,  
Potter,PA,12,  
Lynchburg,VA,12,  
Logan,CO,12,  
Ripley,IN,12,  
Knox,IL,12,  
Jackson,NC,12,  
Garfield,OK,12,  
Pembina,ND,12,  
Cass,MI,12,  
Iosco,MI,12.1,  
Mercer,MO,12.1,  
Lincoln,MO,12.1,  
Henry,MO,12.1,  
Warren,MO,12.1,  
Lincoln,MT,12.1,  
Monroe,OH,12.1,  
Morrow,OH,12.1,  
Fayette,PA,12.1,  
Woodward,OK,12.1,  
Crook,OR,12.1,  
Mercer,NJ,12.1,  
Kankakee,IL,12.1,  
Warren,IL,12.1,  
Fremont,ID,12.1,  
St. Joseph,IN,12.1,  
Perry,IN,12.1,  
Morgan,IN,12.1,  
LaPorte,IN,12.1,  
San Francisco,CA,12.1,  
Taylor,WV,12.1,  
Lewis,WV,12.1,  
Oldham,TX,12.1,  
Somerset,PA,12.2,  
Baylor,TX,12.2,  
Mason,WA,12.2,  
Lincoln,CO,12.2,  
Elmore,ID,12.2,  
Hernando,FL,12.2,  
Vigo,IN,12.2,  
Jefferson,ID,12.2,  
Wilson,KS,12.2,  
Meade,KY,12.2,  
Chenango,NY,12.2,  
Haywood,NC,12.2,  
Hamilton,NY,12.2,  
Macon,MO,12.2,  
Jackson,MS,12.2,  
Hillsdale,MI,12.2,  
Washington,ME,12.2,  
Sanilac,MI,12.2,  
Somerset,ME,12.3,  
Franklin,MO,12.3,  
Worth,MO,12.3,  
Durham,NC,12.3,  
Craven,NC,12.3,  
Delaware,NY,12.3,  
Johnson,NE,12.3,  
Clinton,PA,12.3,  
Ellis,OK,12.3,  
Reno,KS,12.3,  
Cherokee,KS,12.3,  
Gem,ID,12.3,  
Twin Falls,ID,12.3,  
Richland,IL,12.3,  
Blackford,IN,12.3,  
Jasper,IN,12.3,  
Madison,IN,12.3,  
Weld,CO,12.3,  
Sonoma,CA,12.3,  
Lake and Peninsula,AK,12.3,  
Autauga,AL,12.3,  
Perry,PA,12.3,  
Aurora,SD,12.4,  
Shelby,TN,12.4,  
Newton,TX,12.4,  
Montgomery,TX,12.4,  
Orleans,VT,12.4,  
Hardin,TX,12.4,  
Isle of Wight,VA,12.4,  
Cabell,WV,12.4,  
Forest,WI,12.4,  
Solano,CA,12.4,  
Santa Clara,CA,12.4,  
Franklin,IN,12.4,  
Fulton,IL,12.4,  
Barton,KS,12.4,  
Chautauqua,KS,12.4,  
Van Buren,IA,12.4,  
Washoe,NV,12.4,  
Cayuga,NY,12.4,  
Currituck,NC,12.4,  
Westchester,NY,12.4,  
Polk,MO,12.4,  
Rosebud,MT,12.4,  
Gasconade,MO,12.4,  
Dade,MO,12.4,  
Aroostook,ME,12.4,  
Montmorency,MI,12.4,  
Osceola,MI,12.5,  
Vernon,LA,12.5,  
Transylvania,NC,12.5,  
Macon,NC,12.5,  
Taos,NM,12.5,  
Huron,OH,12.5,  
Columbiana,OH,12.5,  
Union,IL,12.5,  
Garfield,CO,12.5,  
Alameda,CA,12.5,  
Benton,AR,12.5,  
Wakulla,FL,12.5,  
Gwinnett,GA,12.5,  
Pacific,WA,12.5,  
Klickitat,WA,12.5,  
Lewis,WA,12.5,  
Norfolk,VA,12.5,  
Bath,VA,12.5,  
Brazoria,TX,12.5,  
Gregory,SD,12.5,  
Bowie,TX,12.6,  
Stewart,TN,12.6,  
Duchesne,UT,12.6,  
Milwaukee,WI,12.6,  
Muscogee,GA,12.6,  
Kent,DE,12.6,  
Citrus,FL,12.6,  
Winnebago,IL,12.6,  
Gallatin,IL,12.6,  
Wapello,IA,12.6,  
Osceola,IA,12.6,  
Pickaway,OH,12.6,  
Klamath,OR,12.6,  
Walsh,ND,12.7,  
Davie,NC,12.7,  
Chatham,NC,12.7,  
Rockland,NY,12.7,  
Kent,MD,12.7,  
Van Buren,MI,12.7,  
Barton,MO,12.7,  
Ste. Genevieve,MO,12.7,  
Bullitt,KY,12.7,  
Franklin,KY,12.7,  
Lee,FL,12.7,  
Kalawao,HI,12.7,  
Baxter,AR,12.7,  
Cleveland,AR,12.7,  
Las Animas,CO,12.7,  
Taylor,TX,12.7,  
Burnet,TX,12.7,  
Moore,TN,12.7,  
Charles Mix,SD,12.7,  
Greenville,SC,12.7,  
Adams,WI,12.8,  
Labette,KS,12.8,  
Franklin,IL,12.8,  
Vermilion,IL,12.8,  
Warren,MS,12.8,  
Grant,NM,12.8,  
De Baca,NM,12.8,  
Scotts Bluff,NE,12.8,  
Muskingum,OH,12.8,  
Clark,OH,12.8,  
Alfalfa,OK,12.8,  
Custer,OK,12.9,  
Major,OK,12.9,  
Franklin,PA,12.9,  
Fulton,PA,12.9,  
Fayette,OH,12.9,  
Marion,OH,12.9,  
Salem,NJ,12.9,  
DeKalb,MO,12.9,  
Jasper,MO,12.9,  
Newton,MO,12.9,  
Cuming,NE,12.9,  
Maricopa,AZ,12.9,  
Cochise,AZ,12.9,  
Juneau,WI,12.9,  
Hutchinson,SD,12.9,  
Callahan,TX,12.9,  
Franklin,TX,13,  
Bandera,TX,13,  
Fayette,TN,13,  
Rusk,WI,13,  
Ferry,WA,13,  
Giles,VA,13,  
Madison,VA,13,  
Sacramento,CA,13,  
Effingham,GA,13,  
Columbia,FL,13,  
Wayne,IL,13,  
Grant,IN,13,  
Greene,IN,13,  
Muscatine,IA,13,  
Livingston,MO,13,  
Harrison,MS,13,  
Todd,MN,13,  
Washington,MD,13,  
Lafayette,LA,13,  
Carson City,NV,13,  
Morrill,NE,13,  
Fulton,NY,13,  
Bedford,PA,13,  
Nowata,OK,13,  
Richland,OH,13.1,  
Orleans,NY,13.1,  
Oswego,NY,13.1,  
Greenup,KY,13.1,  
Jackson,IN,13.1,  
Allamakee,IA,13.1,  
Payette,ID,13.1,  
Rockdale,GA,13.1,  
Mendocino,CA,13.1,  
Clarke,VA,13.1,  
Tucker,WV,13.1,  
Lebanon,PA,13.1,  
Augusta,VA,13.1,  
Kit Carson,CO,13.2,  
Lake,CO,13.2,  
Walton,GA,13.2,  
Bingham,ID,13.2,  
Sussex,DE,13.2,  
Marion,FL,13.2,  
Dawson,GA,13.2,  
Boone,IL,13.2,  
Crawford,IL,13.2,  
Saline,IL,13.2,  
Boyle,KY,13.2,  
Madison,KY,13.2,  
New York,NY,13.2,  
Pender,NC,13.2,  
Clinton,NY,13.2,  
Oklahoma,OK,13.2,  
Okmulgee,OK,13.2,  
Pottawatomie,OK,13.2,  
Kay,OK,13.2,  
Carter,OK,13.2,  
Greene,PA,13.2,  
Clearfield,PA,13.2,  
Pipestone,MN,13.2,  
Grundy,MO,13.2,  
Stone,MO,13.2,  
Webster,MO,13.3,  
Forrest,MS,13.3,  
Arenac,MI,13.3,  
Creek,OK,13.3,  
Ross,OH,13.3,  
Morgan,OH,13.3,  
Montgomery,IL,13.3,  
Greene,IL,13.3,  
Clarke,GA,13.3,  
Bulloch,GA,13.3,  
Denver,CO,13.3,  
San Diego,CA,13.3,  
Douglas,SD,13.3,  
Roane,TN,13.3,  
Robertson,TN,13.3,  
Coffee,TN,13.4,  
Brule,SD,13.4,  
Greene,AR,13.4,  
Catoosa,GA,13.4,  
Morgan,GA,13.4,  
Pope,IL,13.4,  
Marshall,KY,13.4,  
Madison,OH,13.4,  
Stephens,OK,13.4,  
Kalkaska,MI,13.4,  
Mower,MN,13.4,  
Newaygo,MI,13.4,  
Lincoln,MS,13.4,  
Pittsburg,OK,13.5,  
Wells,ND,13.5,  
Caddo,LA,13.5,  
Sullivan,IN,13.5,  
Long,GA,13.5,  
Collier,FL,13.5,  
Georgetown,SC,13.5,  
Alleghany,VA,13.5,  
Llano,TX,13.5,  
Cooke,TX,13.6,  
Tipton,TN,13.6,  
Westmoreland,VA,13.6,  
Dillingham,AK,13.6,  
Elmore,AL,13.6,  
Santa Cruz,CA,13.6,  
Union,KY,13.6,  
Jessamine,KY,13.6,  
Harrison,OH,13.6,  
Thurston,NE,13.6,  
Perquimans,NC,13.6,  
Sullivan,NY,13.6,  
Miller,MO,13.6,  
Phelps,MO,13.6,  
Mineral,MT,13.6,  
St. Joseph,MI,13.6,  
Oceana,MI,13.6,  
Baraga,MI,13.7,  
Knox,MO,13.7,  
Hinds,MS,13.7,  
Mineral,NV,13.7,  
Atlantic,NJ,13.7,  
Tuscarawas,OH,13.7,  
Henderson,KY,13.7,  
Mobile,AL,13.7,  
Benewah,ID,13.7,  
St. Lucie,FL,13.8,  
Marion,AR,13.8,  
Lyon,KY,13.8,  
Shelby,KY,13.8,  
Clinton,IN,13.8,  
Cook,IL,13.8,  
Noble,OH,13.8,  
Brown,OH,13.8,  
Sioux,ND,13.8,  
Bryan,OK,13.8,  
Wasco,OR,13.8,  
Franklin,NY,13.8,  
Pasquotank,NC,13.8,  
Harnett,NC,13.8,  
Lauderdale,MS,13.8,  
Franklin,VA,13.8,  
Waushara,WI,13.8,  
Northumberland,PA,13.8,  
Aiken,SC,13.8,  
Wichita,TX,13.8,  
Kershaw,SC,13.9,  
Cheatham,TN,13.9,  
Warren,VA,13.9,  
Prince George's,MD,13.9,  
Yates,NY,13.9,  
Caddo,OK,13.9,  
Cotton,OK,13.9,  
Mayes,OK,13.9,  
Newton,IN,13.9,  
Calcasieu,LA,13.9,  
Hancock,KY,13.9,  
Yolo,CA,13.9,  
Dale,AL,14,  
Osceola,FL,14,  
Pike,IN,14,  
Fulton,IN,14,  
Decatur,IA,14,  
Craig,OK,14,  
Berks,PA,14,  
LaMoure,ND,14,  
Gates,NC,14,  
Pamlico,NC,14,  
Union,NJ,14,  
Mahnomen,MN,14,  
Callaway,MO,14,  
Portsmouth,VA,14,  
Shenandoah,VA,14,  
Sabine,TX,14,  
Cass,TX,14,  
Kaufman,TX,14,  
Jasper,TX,14.1,  
Sterling,TX,14.1,  
Uintah,UT,14.1,  
Anderson,TN,14.1,  
Brazos,TX,14.1,  
Union,PA,14.1,  
Jackson,WV,14.1,  
Randolph,MO,14.1,  
Orleans,LA,14.1,  
Seneca,NY,14.1,  
Beaufort,NC,14.1,  
Greene,NY,14.1,  
Lawrence,OH,14.1,  
Latimer,OK,14.1,  
Clark,KY,14.1,  
Mason,KY,14.1,  
Walton,FL,14.1,  
Putnam,GA,14.1,  
Lauderdale,AL,14.1,  
Crawford,AR,14.1,  
Graham,AZ,14.2,  
Aleutians East,AK,14.2,  
Nevada,AR,14.2,  
Peach,GA,14.2,  
Fannin,GA,14.2,  
Woodbury,IA,14.2,  
Randolph,IN,14.2,  
Pulaski,IL,14.2,  
Wayne,OH,14.2,  
Emmons,ND,14.2,  
Union,LA,14.2,  
Gladwin,MI,14.2,  
Clearwater,MN,14.2,  
Bates,MO,14.2,  
Carroll,MO,14.2,  
Waynesboro,VA,14.2,  
Colleton,SC,14.2,  
Chambers,TX,14.2,  
Calhoun,SC,14.3,  
Sullivan,TN,14.3,  
Rockbridge,VA,14.3,  
Nelson,VA,14.3,  
Raleigh,WV,14.3,  
Howell,MO,14.3,  
St. Louis City,MO,14.3,  
Dundy,NE,14.3,  
Rolette,ND,14.3,  
Ashtabula,OH,14.3,  
Jefferson,OR,14.3,  
Montgomery,AL,14.3,  
Carroll,AR,14.3,  
Hot Spring,AR,14.4,  
Marion,IN,14.4,  
Morton,KS,14.4,  
Christian,KY,14.4,  
Hopkins,KY,14.4,  
Cimarron,OK,14.4,  
Johnston,NC,14.4,  
Wayne,MI,14.4,  
Ouachita,LA,14.4,  
Brown,TX,14.4,  
Franklin,TN,14.4,  
Lancaster,SC,14.4,  
Hutchinson,TX,14.5,  
Lubbock,TX,14.5,  
Wood,TX,14.5,  
King and Queen,VA,14.5,  
Campbell,VA,14.5,  
Lyon,NV,14.5,  
Lincoln,OK,14.5,  
Coshocton,OH,14.5,  
Parke,IN,14.5,  
Wayne,IN,14.5,  
Modoc,CA,14.5,  
Baca,CO,14.5,  
Lamar,GA,14.5,  
Yuma,CO,14.6,  
Coffee,AL,14.6,  
Jennings,IN,14.6,  
Massac,IL,14.6,  
Sheridan,ND,14.6,  
McIntosh,OK,14.6,  
Cherokee,OK,14.6,  
Hoke,NC,14.6,  
Hampden,MA,14.6,  
Clark,MO,14.6,  
Pulaski,VA,14.6,  
Tarrant,TX,14.6,  
Loudon,TN,14.6,  
Marshall,TN,14.7,  
Putnam,TN,14.7,  
Mason,WV,14.7,  
Livingston,LA,14.7,  
Dorchester,MD,14.7,  
Person,NC,14.7,  
Camden,NC,14.7,  
Clark,NV,14.7,  
Essex,NJ,14.7,  
Rio Arriba,NM,14.7,  
Garvin,OK,14.7,  
Moultrie,IL,14.7,  
Jefferson,IL,14.7,  
Miami,IN,14.7,  
Owen,IN,14.7,  
Davis,IA,14.7,  
Ballard,KY,14.7,  
Scott,KS,14.7,  
Houston,AL,14.7,  
Jefferson,AR,14.7,  
Otero,CO,14.7,  
Newton,GA,14.8,  
White,GA,14.8,  
Polk,AR,14.8,  
Ouachita,AR,14.8,  
Conway,AR,14.8,  
Boone,AR,14.8,  
Pinal,AZ,14.8,  
Shoshone,ID,14.8,  
Muskogee,OK,14.8,  
Nye,NV,14.8,  
Montgomery,NY,14.8,  
Stanly,NC,14.8,  
Suffolk,MA,14.8,  
Webster,MS,14.8,  
Fannin,TX,14.8,  
Erath,TX,14.9,  
Delta,TX,14.9,  
Somervell,TX,14.9,  
Shackelford,TX,14.9,  
Brewster,TX,14.9,  
Nash,NC,14.9,  
Greer,OK,14.9,  
Washington,IN,14.9,  
Marshall,IN,14.9,  
Marshall,IA,14.9,  
Independence,AR,14.9,  
Little River,AR,14.9,  
Miller,AR,14.9,  
Jackson,CO,14.9,  
Bibb,GA,14.9,  
Conejos,CO,15,  
Gila,AZ,15,  
Noble,IN,15,  
Perry,IL,15,  
Beckham,OK,15,  
Natchitoches,LA,15,  
Ogemaw,MI,15,  
Henry,TN,15,  
Wise,TX,15,  
Morgan,WV,15,  
Roanoke City,VA,15,  
Culpeper,VA,15.1,  
Nicholas,WV,15.1,  
Pocahontas,WV,15.1,  
Appomattox,VA,15.1,  
Smith,TX,15.1,  
Panola,TX,15.1,  
Coke,TX,15.1,  
Spartanburg,SC,15.1,  
Jefferson,LA,15.1,  
Blaine,OK,15.1,  
Marion,OR,15.1,  
Cherokee,NC,15.1,  
Ashe,NC,15.1,  
Alamance,NC,15.1,  
White Pine,NV,15.1,  
Scott,IN,15.1,  
Nome,AK,15.1,  
Crowley,CO,15.1,  
Bent,CO,15.1,  
Bleckley,GA,15.1,  
Van Buren,AR,15.2,  
Columbia,AR,15.2,  
Rush,IN,15.2,  
Kosciusko,IN,15.2,  
Simpson,KY,15.2,  
Eddy,NM,15.2,  
Lancaster,PA,15.2,  
Chester,TN,15.2,  
Ellis,TX,15.2,  
Essex,VT,15.2,  
Wilson,TX,15.2,  
Wirt,WV,15.2,  
Jackson,TX,15.3,  
Pickens,SC,15.3,  
Jackson,SD,15.3,  
Lake,OR,15.3,  
Kiowa,OK,15.3,  
Benson,ND,15.3,  
Rapides,LA,15.3,  
Clare,MI,15.3,  
Audrain,MO,15.3,  
Lowndes,MS,15.3,  
Hancock,MS,15.3,  
Beauregard,LA,15.3,  
Yukon-Koyukuk,AK,15.3,  
Mohave,AZ,15.3,  
Mono,CA,15.3,  
Orange,CA,15.3,  
Lake,CA,15.3,  
Napa,CA,15.3,  
White,AR,15.4,  
Canyon,ID,15.4,  
Mercer,KY,15.4,  
Ozark,MO,15.4,  
Perry,OH,15.4,  
Delaware,OK,15.4,  
Madison,NC,15.4,  
Dewey,SD,15.4,  
Cumberland,TN,15.4,  
Gibson,TN,15.4,  
Giles,TN,15.4,  
Lamar,TX,15.4,  
Lavaca,TX,15.4,  
Washington,TX,15.4,  
Tyler,TX,15.4,  
Preston,WV,15.4,  
Greene,VA,15.4,  
Louisa,VA,15.4,  
Washington,VA,15.4,  
Richmond City,VA,15.5,  
Highland,VA,15.5,  
McMullen,TX,15.5,  
Hunt,TX,15.5,  
Gregg,TX,15.5,  
Cannon,TN,15.5,  
Rowan,NC,15.5,  
Otero,NM,15.5,  
Logan,ND,15.5,  
Franklin,MS,15.5,  
Benton,MO,15.5,  
Harrison,MO,15.5,  
McLean,KY,15.5,  
Bienville,LA,15.5,  
Trigg,KY,15.5,  
Bourbon,KY,15.5,  
Cass,IL,15.5,  
Gilchrist,FL,15.5,  
Fulton,AR,15.5,  
Cleburne,AR,15.6,  
Crawford,GA,15.6,  
Lowndes,GA,15.6,  
Bracken,KY,15.6,  
Wichita,KS,15.6,  
Toole,MT,15.6,  
Meigs,OH,15.6,  
Quay,NM,15.6,  
Saline,NE,15.6,  
Lincoln,NC,15.6,  
Anderson,SC,15.6,  
Bristol,VA,15.6,  
Greenbrier,WV,15.6,  
Barbour,WV,15.7,  
Floyd,VA,15.7,  
Mifflin,PA,15.7,  
Tom Green,TX,15.7,  
Guernsey,OH,15.7,  
Beaver,OK,15.7,  
Ottawa,OK,15.7,  
Daviess,MO,15.7,  
Bristol,MA,15.7,  
Polk,FL,15.7,  
Gulf,FL,15.7,  
Baker,FL,15.8,  
Monroe,GA,15.8,  
Calhoun,AR,15.8,  
St. Clair,AL,15.8,  
Washington,AR,15.8,  
Taylor,KY,15.8,  
Baltimore City,MD,15.8,  
St. James,LA,15.8,  
St. John the Baptist,LA,15.8,  
Montgomery,MO,15.8,  
Pearl River,MS,15.8,  
Wibaux,MT,15.8,  
Franklin,NC,15.8,  
Bradley,TN,15.8,  
Bosque,TX,15.8,  
Florence,SC,15.9,  
Oconee,SC,15.9,  
Orangeburg,SC,15.9,  
Piute,UT,15.9,  
Amherst,VA,15.9,  
Johnson,TX,15.9,  
Gaston,NC,15.9,  
Sierra,NM,15.9,  
Seminole,OK,15.9,  
Saline,MO,15.9,  
Jasper,MS,15.9,  
Clayton,GA,15.9,  
Highlands,FL,16,  
Seminole,GA,16,  
Lawrence,AR,16,  
Pope,AR,16,  
Ventura,CA,16,  
Tehama,CA,16,  
Randolph,IL,16,  
Scioto,OH,16,  
Catawba,NC,16,  
Cleveland,NC,16,  
Harrison,TX,16,  
McLennan,TX,16,  
Weakley,TN,16,  
McMinn,TN,16,  
Guaynabo,PR,16,  
Surry,VA,16.1,  
Harrisonburg,VA,16.1,  
Stonewall,TX,16.1,  
Chowan,NC,16.1,  
Torrance,NM,16.1,  
Highland,OH,16.1,  
Oregon,MO,16.1,  
Maries,MO,16.1,  
Hall,NE,16.1,  
Washington,ID,16.1,  
Union,AR,16.1,  
Colbert,AL,16.1,  
Laurens,GA,16.1,  
Rabun,GA,16.2,  
Logan,AR,16.2,  
Brown,IL,16.2,  
Pettis,MO,16.2,  
Moniteau,MO,16.2,  
Cedar,MO,16.2,  
Jackson,OH,16.2,  
Elko,NV,16.2,  
Van Zandt,TX,16.2,  
Jefferson,TX,16.2,  
Smith,TN,16.2,  
Providence,RI,16.2,  
Upshur,WV,16.2,  
Randolph,WV,16.3,  
Snyder,PA,16.3,  
Bexar,TX,16.3,  
Midland,TX,16.3,  
San Juan,UT,16.3,  
San Juan,NM,16.3,  
Hudson,NJ,16.3,  
Johnston,OK,16.3,  
Limestone,AL,16.3,  
Pickens,GA,16.3,  
Troup,GA,16.4,  
Adams,IN,16.4,  
Montgomery,KY,16.4,  
Henry,KY,16.4,  
Coal,OK,16.4,  
Granville,NC,16.4,  
Hickory,MO,16.4,  
Pike,MO,16.4,  
Walker,TX,16.4,  
Aransas,TX,16.4,  
Winchester,VA,16.4,  
Lexington,VA,16.5,  
Caroline,VA,16.5,  
Mercer,WV,16.5,  
Sevier,TN,16.5,  
Dyer,TN,16.5,  
Trinity,TX,16.5,  
Upshur,TX,16.5,  
Scott,MO,16.5,  
Laclede,MO,16.5,  
Butler,MO,16.5,  
Sabine,LA,16.5,  
Watonwan,MN,16.5,  
Wayne,NC,16.5,  
Graves,KY,16.5,  
Carlisle,KY,16.5,  
Martin,IN,16.5,  
Levy,FL,16.5,  
Searcy,AR,16.5,  
Perry,AR,16.6,  
Kane,IL,16.6,  
Davidson,NC,16.6,  
Martin,NC,16.6,  
Palo Pinto,TX,16.6,  
Jefferson,TN,16.6,  
Ziebach,SD,16.6,  
Greenwood,SC,16.6,  
Wetzel,WV,16.6,  
Wythe,VA,16.6,  
Covington,VA,16.6,  
Trujillo Alto,PR,16.6,  
Carolina,PR,16.7,  
Norton,VA,16.7,  
Philadelphia,PA,16.7,  
Decatur,TN,16.7,  
Red River,TX,16.7,  
Henderson,TX,16.7,  
Camp,TX,16.7,  
Humboldt,NV,16.7,  
Lander,NV,16.7,  
Caroline,MD,16.7,  
Newton,MS,16.7,  
Sullivan,MO,16.7,  
Roosevelt,MT,16.7,  
Orange,IN,16.7,  
Larue,KY,16.7,  
Pike,AR,16.7,  
Rio Grande,CO,16.7,  
Lumpkin,GA,16.7,  
Barrow,GA,16.8,  
Marengo,AL,16.8,  
Calhoun,AL,16.8,  
Drew,AR,16.8,  
St. Francois,MO,16.8,  
Lee,MS,16.8,  
Yancey,NC,16.8,  
Hamilton,TX,16.8,  
Fisher,TX,16.8,  
Kimble,TX,16.8,  
Lewis,TN,16.8,  
Sumter,SC,16.8,  
Beadle,SD,16.8,  
Summers,WV,16.8,  
Monroe,WV,16.9,  
Buena Vista,VA,16.9,  
Humphreys,TN,16.9,  
Sequatchie,TN,16.9,  
Obion,TN,16.9,  
Jackson,OK,16.9,  
Love,OK,16.9,  
Curry,NM,16.9,  
Stokes,NC,16.9,  
Dallas,AR,16.9,  
Etowah,AL,16.9,  
Alamosa,CO,16.9,  
Livingston,KY,16.9,  
Starke,IN,16.9,  
Johnson,IL,16.9,  
Cass,IN,16.9,  
Monroe,AL,17,  
Ashley,AR,17,  
Lincoln,GA,17,  
Dodge,GA,17,  
Richmond,GA,17,  
Passaic,NJ,17,  
Lawrence,MO,17,  
Hawkins,TN,17,  
Hopkins,TX,17,  
Eastland,TX,17,  
Fayette,TX,17,  
Childress,TX,17,  
Victoria,TX,17,  
Smyth,VA,17,  
Southampton,VA,17,  
Chelan,WA,17.1,  
San Jacinto,TX,17.1,  
Mills,TX,17.1,  
Dickson,TN,17.1,  
Unicoi,TN,17.1,  
West Baton Rouge,LA,17.1,  
Pushmataha,OK,17.1,  
Izard,AR,17.1,  
Russell,AL,17.1,  
Washington,KY,17.1,  
Owen,KY,17.2,  
Pendleton,KY,17.2,  
Lawrence,IL,17.2,  
Jay,IN,17.2,  
Prairie,AR,17.2,  
Sharp,AR,17.2,  
Jackson,GA,17.2,  
McIntosh,GA,17.2,  
Atoka,OK,17.2,  
Oscoda,MI,17.2,  
Greene,TN,17.2,  
Lincoln,TN,17.2,  
Benton,TN,17.2,  
Nacogdoches,TX,17.2,  
Leon,TX,17.2,  
Lee,TX,17.3,  
Medina,TX,17.3,  
Montague,TX,17.3,  
White,TN,17.3,  
Murray,OK,17.3,  
Mitchell,NC,17.3,  
Dougherty,GA,17.3,  
Bartow,GA,17.3,  
Clay,GA,17.3,  
Sumter,AL,17.3,  
Arkansas,AR,17.4,  
Navajo,AZ,17.4,  
Sebastian,AR,17.4,  
Adams,CO,17.4,  
Carroll,GA,17.4,  
Wilkinson,GA,17.4,  
Switzerland,IN,17.4,  
Fayette,IL,17.4,  
Douglas,IL,17.4,  
Trimble,KY,17.4,  
De Soto,LA,17.4,  
Grant,KY,17.4,  
Lake,MI,17.4,  
Stone,MS,17.4,  
Young,TX,17.4,  
Prince Edward,VA,17.4,  
Dinwiddie,VA,17.4,  
Essex,VA,17.4,  
Rockingham,VA,17.5,  
Carter,TN,17.5,  
Juniata,PA,17.5,  
Fairfield,SC,17.5,  
McDowell,NC,17.5,  
Hamilton,KS,17.5,  
Edwards,KS,17.5,  
Thomas,GA,17.5,  
Bacon,GA,17.5,  
Randolph,AR,17.5,  
Morgan,AL,17.5,  
Washington,AL,17.6,  
Ware,GA,17.6,  
Greene,GA,17.6,  
Harrison,KY,17.6,  
Meigs,TN,17.6,  
Pittsylvania,VA,17.6,  
Okanogan,WA,17.7,  
Manassas Park,VA,17.7,  
Robertson,TX,17.7,  
Knox,TX,17.7,  
Logan,KY,17.7,  
Rowan,KY,17.7,  
Madison,GA,17.7,  
Mississippi,AR,17.7,  
Lassen,CA,17.7,  
Texas,MO,17.7,  
Jones,MS,17.8,  
Plaquemines,LA,17.8,  
Valencia,NM,17.8,  
Le Flore,OK,17.8,  
Jefferson,OK,17.8,  
Tift,GA,17.8,  
Madison,FL,17.8,  
Barren,KY,17.8,  
Nueces,TX,17.8,  
Accomack,VA,17.8,  
Austin,TX,17.8,  
Fayette,WV,17.8,  
Rains,TX,17.9,  
Marion,TX,17.9,  
Colorado,TX,17.9,  
Meade,KS,17.9,  
Miller,GA,17.9,  
Irwin,GA,17.9,  
Yuba,CA,17.9,  
Cullman,AL,17.9,  
Bibb,AL,17.9,  
Carroll,MS,17.9,  
Tangipahoa,LA,18,  
Umatilla,OR,18,  
Lee,NC,18,  
Covington,AL,18,  
Screven,GA,18,  
Baldwin,GA,18,  
Fayette,IN,18,  
Throckmorton,TX,18,  
Hamblen,TN,18,  
Clark,WI,18,  
Franklin City,VA,18.1,  
Corson,SD,18.1,  
Coleman,TX,18.1,  
Crawford,IN,18.1,  
Crittenden,KY,18.1,  
Pierce,GA,18.1,  
Alexander,NC,18.1,  
Haskell,OK,18.1,  
McCurtain,OK,18.1,  
Shannon,MO,18.1,  
Grant,LA,18.2,  
Somerset,MD,18.2,  
Jones,NC,18.2,  
Graham,NC,18.2,  
Chilton,AL,18.2,  
Freestone,TX,18.2,  
Milam,TX,18.3,  
Mellette,SD,18.3,  
Douglas,WA,18.3,  
Brantley,GA,18.3,  
St. Bernard,LA,18.3,  
Covington,MS,18.3,  
Barry,MO,18.4,  
Stephens,GA,18.4,  
Macon,AL,18.4,  
Del Norte,CA,18.4,  
Hardin,IL,18.4,  
Mecklenburg,VA,18.4,  
Pendleton,WV,18.4,  
McPherson,SD,18.4,  
Houston,TX,18.4,  
Comanche,TX,18.4,  
Hampton,SC,18.5,  
Edgefield,SC,18.5,  
Cumberland,VA,18.5,  
Louisa,IA,18.5,  
Cumberland,KY,18.5,  
Clarke,AL,18.5,  
Red River,LA,18.5,  
West Feliciana,LA,18.5,  
Sequoyah,OK,18.5,  
Marshall,OK,18.6,  
Rutherford,NC,18.6,  
Choctaw,MS,18.6,  
Lawrence,MS,18.6,  
Stoddard,MO,18.6,  
Jackson,AL,18.6,  
Bradley,AR,18.6,  
Crittenden,AR,18.6,  
Ben Hill,GA,18.6,  
Franklin,FL,18.6,  
Pulaski,KY,18.6,  
Charlotte,VA,18.6,  
Ritchie,WV,18.6,  
Gilmer,WV,18.6,  
Darlington,SC,18.6,  
Burleson,TX,18.6,  
Morgan,TN,18.6,  
Lipscomb,TX,18.6,  
Marion,TN,18.7,  
Bedford,TN,18.7,  
Manassas,VA,18.7,  
Stevens,KS,18.7,  
Prowers,CO,18.7,  
Schley,GA,18.7,  
Walker,GA,18.7,  
Wayne,GA,18.7,  
Montgomery,GA,18.7,  
Howard,AR,18.7,  
Dallas,AL,18.7,  
Webster,LA,18.7,  
Dallas,MO,18.8,  
Rockingham,NC,18.8,  
McDuffie,GA,18.8,  
Hart,GA,18.8,  
Gilmer,GA,18.9,  
Hale,AL,18.9,  
Butler,AL,18.9,  
Pike,AL,18.9,  
Riverside,CA,18.9,  
Newton,AR,18.9,  
Gallatin,KY,18.9,  
Queens,NY,18.9,  
Malheur,OR,18.9,  
Madison,MO,18.9,  
St. Clair,MO,18.9,  
Hopewell,VA,18.9,  
Grayson,VA,18.9,  
Northampton,VA,18.9,  
Angelina,TX,18.9,  
Union,SC,18.9,  
Hill,TX,18.9,  
Carroll,TN,19,  
Henderson,TN,19,  
Page,VA,19,  
Yalobusha,MS,19,  
Gallia,OH,19,  
Marion,KY,19,  
Escambia,AL,19,  
Cassia,ID,19,  
Miami-Dade,FL,19,  
Crisp,GA,19.1,  
Jefferson,FL,19.1,  
Webster,GA,19.1,  
Chambers,AL,19.1,  
Franklin,AR,19.1,  
East Feliciana,LA,19.1,  
Harper,OK,19.1,  
Choctaw,OK,19.1,  
Pershing,NV,19.1,  
Carroll,VA,19.1,  
Martinsville,VA,19.1,  
Terrell,TX,19.1,  
Amelia,VA,19.2,  
Hartley,TX,19.2,  
DeWitt,TX,19.2,  
Haywood,TN,19.2,  
Lawrence,TN,19.2,  
Grainger,TN,19.2,  
Van Buren,TN,19.2,  
Grant,WV,19.2,  
Alcorn,MS,19.2,  
Elkhart,IN,19.2,  
Tallapoosa,AL,19.2,  
Marion,AL,19.3,  
Northwest Arctic,AK,19.3,  
Lafayette,AR,19.3,  
Wilcox,GA,19.3,  
Perry,MS,19.3,  
Pike,MS,19.3,  
Iron,MO,19.3,  
Cibola,NM,19.3,  
Kings,NY,19.3,  
Wilson,NC,19.3,  
Bastrop,TX,19.3,  
Briscoe,TX,19.4,  
Braxton,WV,19.4,  
Hardy,WV,19.4,  
Petersburg,VA,19.4,  
Hughes,OK,19.4,  
Randolph,NC,19.4,  
Columbus,NC,19.4,  
Toombs,GA,19.4,  
Spalding,GA,19.4,  
Floyd,GA,19.4,  
Decatur,GA,19.4,  
Henry,AL,19.4,  
Talladega,AL,19.5,  
Morgan,CO,19.5,  
Brooks,GA,19.5,  
Washington,FL,19.5,  
Saguache,CO,19.5,  
Avery,NC,19.5,  
Burke,NC,19.5,  
San Miguel,NM,19.5,  
Tate,MS,19.5,  
Danville,VA,19.5,  
Richmond,VA,19.5,  
Hampshire,WV,19.5,  
Polk,TN,19.5,  
Newberry,SC,19.5,  
Calhoun,TX,19.5,  
Harris,TX,19.5,  
Limestone,TX,19.6,  
Gray,TX,19.6,  
Nolan,TX,19.6,  
Toa Alta,PR,19.6,  
Douglas,MO,19.6,  
Wright,MO,19.6,  
Swain,NC,19.6,  
Pike,OH,19.6,  
Early,GA,19.6,  
Santa Barbara,CA,19.6,  
Cross,AR,19.6,  
Grayson,KY,19.6,  
Breckinridge,KY,19.6,  
Garrard,KY,19.7,  
Lincoln,AR,19.7,  
Heard,GA,19.7,  
Morehouse,LA,19.7,  
Dickens,TX,19.7,  
Jack,TX,19.7,  
King,TX,19.8,  
Laurens,SC,19.8,  
McNairy,TN,19.8,  
Anderson,TX,19.8,  
Hardin,TN,19.8,  
Doddridge,WV,19.8,  
Walthall,MS,19.8,  
Smith,MS,19.8,  
Montgomery,MS,19.8,  
McIntosh,ND,19.8,  
Richmond,NC,19.8,  
Suwannee,FL,19.8,  
Chicot,AR,19.8,  
Bethel,AK,19.8,  
Cameron,LA,19.8,  
Choctaw,AL,19.9,  
Hempstead,AR,19.9,  
Berrien,GA,19.9,  
Pulaski,GA,19.9,  
Lenoir,NC,19.9,  
Anson,NC,19.9,  
Warren,NC,19.9,  
Caguas,PR,19.9,  
Chester,SC,19.9,  
Williamsburg,SC,19.9,  
San Augustine,TX,20,  
Harmon,OK,20,  
Hertford,NC,20,  
Kemper,MS,20,  
St. Martin,LA,20,  
Clay,MS,20,  
Burke,GA,20,  
Walker,AL,20,  
Marshall,AL,20,  
Perry,AL,20,  
Emanuel,GA,20.1,  
Lanier,GA,20.1,  
Ohio,KY,20.1,  
Muhlenberg,KY,20.1,  
Winn,LA,20.1,  
Monroe,MS,20.1,  
Forest,PA,20.1,  
Vinton,OH,20.1,  
McCormick,SC,20.1,  
Scott,VA,20.1,  
Henry,VA,20.2,  
Roane,WV,20.2,  
Barnwell,SC,20.2,  
Trousdale,TN,20.2,  
Real,TX,20.2,  
Refugio,TX,20.2,  
Howard,TX,20.2,  
Bollinger,MO,20.2,  
St. Mary,LA,20.2,  
Liberty,FL,20.2,  
Pickens,AL,20.2,  
Blount,AL,20.2,  
Jackson,FL,20.3,  
Gadsden,FL,20.3,  
Johnson,KY,20.3,  
Loving,TX,20.3,  
Clarendon,SC,20.3,  
Halifax,VA,20.3,  
Tazewell,VA,20.3,  
Bayamon,PR,20.4,  
San Juan,PR,20.4,  
Overton,TN,20.4,  
Jeff Davis,TX,20.4,  
Rusk,TX,20.4,  
Allen,LA,20.4,  
Putnam,FL,20.4,  
Fayette,AL,20.4,  
Madison,AR,20.4,  
Dent,MO,20.4,  
Hood River,OR,20.4,  
Roosevelt,NM,20.5,  
Adams,MS,20.5,  
Johnson,AR,20.5,  
Poinsett,AR,20.5,  
Cherokee,AL,20.5,  
Lamar,AL,20.5,  
Taylor,FL,20.5,  
Allen,KY,20.5,  
Bennett,SD,20.5,  
Webster,KY,20.6,  
Claiborne,LA,20.6,  
Nicholas,KY,20.6,  
Buena Vista,IA,20.6,  
Richland,LA,20.6,  
Carter,MO,20.6,  
George,MS,20.6,  
Marshall,MS,20.6,  
Scotland,MO,20.6,  
Hyde,NC,20.6,  
Adair,OK,20.6,  
Yadkin,NC,20.7,  
Simpson,MS,20.7,  
Crenshaw,AL,20.7,  
Warren,TN,20.7,  
Caldwell,TX,20.7,  
Cherokee,TX,20.8,  
Wilbarger,TX,20.8,  
Crockett,TN,20.8,  
Lincoln,WV,20.8,  
San Bernardino,CA,20.8,  
Talbot,GA,20.8,  
Upson,GA,20.8,  
Edmonson,KY,20.8,  
Bladen,NC,20.8,  
Dona Ana,NM,20.8,  
Winston,MS,20.9,  
Tishomingo,MS,20.9,  
Jackson,LA,20.9,  
Whitley,KY,20.9,  
Dade,GA,20.9,  
Dixie,FL,20.9,  
San Benito,CA,20.9,  
Wilcox,AL,20.9,  
Boone,WV,20.9,  
DeKalb,TN,20.9,  
Menard,TX,20.9,  
Grimes,TX,21,  
Wheeler,TX,21,  
Cocke,TN,21,  
Wayne,TN,21,  
Toa Baja,PR,21,  
Florida,PR,21,  
Geneva,AL,21,  
Conecuh,AL,21,  
Haralson,GA,21,  
Fulton,KY,21,  
Jefferson Davis,LA,21,  
Adams,OH,21,  
Hidalgo,NM,21.1,  
Alleghany,NC,21.1,  
Clarke,MS,21.1,  
Amite,MS,21.1,  
Laurel,KY,21.1,  
Carter,KY,21.1,  
Powell,KY,21.1,  
Yell,AR,21.1,  
Fajardo,PR,21.1,  
Macon,TN,21.1,  
Bamberg,SC,21.1,  
Wharton,TX,21.1,  
McCulloch,TX,21.1,  
Jasper,SC,21.2,  
Russell,VA,21.2,  
Montgomery,AR,21.2,  
Wyandotte,KS,21.2,  
Pointe Coupee,LA,21.2,  
Washington,MS,21.2,  
Grenada,MS,21.2,  
Okfuskee,OK,21.2,  
Caldwell,NC,21.3,  
Tunica,MS,21.3,  
Ripley,MO,21.3,  
Lincoln,KY,21.3,  
Crawford,IA,21.3,  
St. Francis,AR,21.3,  
Sutter,CA,21.3,  
Jenkins,GA,21.3,  
Sumter,GA,21.3,  
Washington,GA,21.3,  
Cook,GA,21.3,  
Patrick,VA,21.3,  
Marion,SC,21.3,  
Hickman,TN,21.3,  
Brunswick,VA,21.3,  
Ward,TX,21.4,  
Claiborne,TN,21.4,  
Logan,WV,21.4,  
Wayne,WV,21.4,  
Santa Isabel,PR,21.4,  
Wilkes,GA,21.4,  
Elbert,GA,21.4,  
Randolph,AL,21.4,  
Apache,AZ,21.4,  
Clay,AR,21.5,  
Alexander,IL,21.5,  
McDonald,MO,21.5,  
Iberia,LA,21.5,  
Copiah,MS,21.5,  
Edgecombe,NC,21.5,  
Abbeville,SC,21.5,  
Runnels,TX,21.5,  
Live Oak,TX,21.5,  
Buffalo,SD,21.6,  
Hardeman,TN,21.6,  
Wyoming,WV,21.6,  
Scotland,NC,21.6,  
Coahoma,MS,21.6,  
San Joaquin,CA,21.6,  
Coffee,GA,21.7,  
Terrebonne,LA,21.7,  
Union,MS,21.7,  
Leake,MS,21.7,  
Surry,NC,21.7,  
Union,NM,21.7,  
Chaves,NM,21.7,  
Wilkes,NC,21.7,  
Cherokee,SC,21.7,  
Madison,TX,21.7,  
Dallas,TX,21.7,  
Waller,TX,21.7,  
Upton,TX,21.8,  
San Patricio,TX,21.8,  
Monroe,TN,21.8,  
Gurabo,PR,21.8,  
Vance,NC,21.8,  
Leflore,MS,21.8,  
Neshoba,MS,21.8,  
Prentiss,MS,21.8,  
Bradford,FL,21.8,  
Hall,GA,21.8,  
Los Angeles,CA,21.8,  
Worth,GA,21.9,  
Lincoln,ID,21.9,  
Kearny,KS,21.9,  
Northampton,NC,21.9,  
Dorado,PR,21.9,  
Charles City,VA,21.9,  
Scott,TN,21.9,  
Polk,TX,21.9,  
Scurry,TX,22,  
Todd,SD,22,  
Saluda,SC,22,  
Habersham,GA,22,  
Scott,AR,22,  
Lawrence,AL,22,  
Oglethorpe,GA,22.1,  
Stanton,KS,22.1,  
Menifee,KY,22.1,  
Gooding,ID,22.1,  
Montgomery,NC,22.1,  
Cumberland,NJ,22.1,  
Marion,MS,22.1,  
Kleberg,TX,22.1,  
Jackson,TN,22.2,  
Panola,MS,22.2,  
Butler,KY,22.2,  
Stanislaus,CA,22.2,  
Costilla,CO,22.2,  
Monroe,AR,22.3,  
Grady,GA,22.3,  
Todd,KY,22.3,  
Rockcastle,KY,22.3,  
Itawamba,MS,22.3,  
Guadalupe,NM,22.3,  
Lee,SC,22.3,  
Martin,TX,22.3,  
Las Piedras,PR,22.3,  
Jones,TX,22.4,  
Fentress,TN,22.4,  
Caswell,NC,22.4,  
Tippah,MS,22.4,  
Acadia,LA,22.4,  
Glascock,GA,22.4,  
Baker,GA,22.4,  
Hickman,KY,22.5,  
Iberville,LA,22.5,  
Hardeman,TX,22.5,  
Matagorda,TX,22.5,  
Foard,TX,22.5,  
Collingsworth,TX,22.6,  
Attala,MS,22.6,  
Morgan,MO,22.6,  
Washington,NC,22.6,  
Fleming,KY,22.6,  
Catahoula,LA,22.6,  
Minidoka,ID,22.6,  
Calhoun,FL,22.6,  
Jackson,AR,22.6,  
Desha,AR,22.6,  
Butts,GA,22.7,  
Franklin,GA,22.7,  
Sampson,NC,22.7,  
Hockley,TX,22.7,  
Rhea,TN,22.7,  
Union,TN,22.8,  
Houston,TN,22.8,  
Johnson,TN,22.8,  
Kent,TX,22.8,  
Stephens,TX,22.8,  
Navarro,TX,22.8,  
Webster,WV,22.8,  
Meriwether,GA,22.8,  
Charlton,GA,22.8,  
La Paz,AZ,22.8,  
Winston,AL,22.8,  
Metcalfe,KY,22.8,  
Woodruff,AR,22.9,  
Marion,GA,22.9,  
Robeson,NC,22.9,  
Swisher,TX,22.9,  
Liberty,TX,22.9,  
Hancock,TN,22.9,  
Falls,TX,23,  
Sutton,TX,23,  
Washington,MO,23,  
West Carroll,LA,23,  
Jeff Davis,GA,23,  
Banks,GA,23,  
Gordon,GA,23.1,  
Wheeler,GA,23.1,  
Caldwell,LA,23.1,  
Adair,KY,23.1,  
Halifax,NC,23.1,  
El Paso,TX,23.1,  
Lynn,TX,23.1,  
Buckingham,VA,23.1,  
Clay,TN,23.2,  
Socorro,NM,23.2,  
Reynolds,MO,23.2,  
Taylor,GA,23.2,  
Stone,AR,23.2,  
Coosa,AL,23.2,  
Polk,GA,23.3,  
Lawrence,KY,23.3,  
Crawford,MO,23.3,  
Washington,LA,23.4,  
Monroe,KY,23.4,  
Perry,KY,23.4,  
Power,ID,23.4,  
Mitchell,GA,23.4,  
Greene,AL,23.4,  
Potter,TX,23.4,  
Nottoway,VA,23.4,  
Emporia,VA,23.5,  
Galax,VA,23.5,  
Chesterfield,SC,23.5,  
Turner,GA,23.5,  
Carroll,KY,23.5,  
Elliott,KY,23.5,  
St. Landry,LA,23.5,  
Yazoo,MS,23.6,  
Dawson,NE,23.6,  
Concordia,LA,23.6,  
Gray,KS,23.6,  
Franklin,AL,23.6,  
Treutlen,GA,23.7,  
Evans,GA,23.7,  
Nobles,MN,23.7,  
Lunenburg,VA,23.7,  
Ponce,PR,23.8,  
Tensas,LA,23.8,  
Tillman,OK,23.8,  
Bertie,NC,23.9,  
Lafourche,LA,23.9,  
Bolivar,MS,23.9,  
Jasper,GA,23.9,  
Holmes,FL,23.9,  
Lowndes,AL,24,  
Russell,KY,24,  
Estill,KY,24,  
Bath,KY,24,  
Claiborne,MS,24,  
Pontotoc,MS,24,  
Greene,MS,24.1,  
New Madrid,MO,24.1,  
St. Helena,LA,24.1,  
Jerome,ID,24.1,  
Union,FL,24.1,  
Hemphill,TX,24.1,  
Atascosa,TX,24.2,  
Terrell,GA,24.2,  
Cleburne,AL,24.2,  
Phillips,AR,24.2,  
Vermilion,LA,24.2,  
Jefferson Davis,MS,24.3,  
Candler,GA,24.3,  
Green,KY,24.3,  
Pike,KY,24.4,  
Johnson,GA,24.4,  
Oglala Lakota,SD,24.4,  
Karnes,TX,24.4,  
Ochiltree,TX,24.4,  
Rio Grande,PR,24.4,  
Wise,VA,24.4,  
Shelby,TX,24.5,  
Mitchell,TX,24.6,  
Hale,TX,24.6,  
Cottle,TX,24.6,  
Crockett,TX,24.6,  
Juana Diaz,PR,24.6,  
Hamilton,FL,24.6,  
Santa Cruz,AZ,24.6,  
Wayne,MO,24.6,  
LaSalle,LA,24.6,  
Calhoun,MS,24.6,  
Madison,LA,24.7,  
Holmes,MS,24.7,  
Sharkey,MS,24.7,  
Morrow,OR,24.7,  
Humacao,PR,24.7,  
Cidra,PR,24.7,  
Grant,WA,24.7,  
Greensville,VA,24.7,  
Calhoun,WV,24.7,  
Campbell,TN,24.7,  
Lauderdale,TN,24.8,  
Greene,NC,24.8,  
Franklin,LA,24.8,  
Owyhee,ID,24.9,  
Appling,GA,24.9,  
Warren,GA,24.9,  
Wayne,MS,24.9,  
Wheatland,MT,24.9,  
Hall,TX,24.9,  
Arroyo,PR,24.9,  
Ector,TX,25,  
Edwards,TX,25,  
Crosby,TX,25,  
Letcher,KY,25,  
Hart,KY,25.1,  
Floyd,KY,25.1,  
Glasscock,TX,25.1,  
Luquillo,PR,25.2,  
Morgan,KY,25.2,  
McKinley,NM,25.2,  
Liberty,MT,25.3,  
Robertson,KY,25.3,  
Fresno,CA,25.3,  
Guayama,PR,25.3,  
Arecibo,PR,25.4,  
Lee,VA,25.4,  
Andrews,TX,25.4,  
Dickenson,VA,25.5,  
Clay,WV,25.5,  
Jefferson,GA,25.5,  
Chickasaw,MS,25.5,  
Pemiscot,MO,25.6,  
Tyrrell,NC,25.6,  
Tattnall,GA,25.6,  
Mingo,WV,25.6,  
Coamo,PR,25.7,  
Perry,TN,25.7,  
Kinney,TX,25.7,  
Schleicher,TX,25.7,  
Calhoun,GA,25.7,  
Jackson,KY,25.7,  
Casey,KY,25.7,  
Mississippi,MO,25.7,  
Dunklin,MO,25.7,  
Scott,MS,25.8,  
Jefferson,MS,25.8,  
Allendale,SC,25.8,  
Marlboro,SC,25.8,  
Aibonito,PR,25.8,  
Franklin,WA,25.8,  
Daviess,IN,25.9,  
Lewis,KY,26,  
Evangeline,LA,26,  
Titus,TX,26,  
Crane,TX,26,  
Floyd,TX,26.1,  
Pickett,TN,26.1,  
Jayuya,PR,26.1,  
Vieques,PR,26.1,  
Avoyelles,LA,26.1,  
Okeechobee,FL,26.1,  
Lafayette,FL,26.1,  
Kern,CA,26.2,  
Hormigueros,PR,26.2,  
Loiza,PR,26.2,  
Juncos,PR,26.3,  
Barceloneta,PR,26.3,  
Lamb,TX,26.3,  
Glades,FL,26.3,  
Randolph,GA,26.3,  
Clinch,GA,26.4,  
DeKalb,AL,26.4,  
Assumption,LA,26.4,  
San Saba,TX,26.4,  
Lake,TN,26.5,  
Dakota,NE,26.5,  
McCreary,KY,26.6,  
Knott,KY,26.6,  
Dillon,SC,26.6,  
Sussex,VA,26.7,  
Clay,AL,26.7,  
Duplin,NC,26.7,  
Yakima,WA,26.8,  
Canovanas,PR,26.8,  
Grundy,TN,26.8,  
Bledsoe,TN,26.8,  
Sherman,TX,26.8,  
Gonzales,TX,26.8,  
Benton,MS,26.9,  
Barbour,AL,26.9,  
Colquitt,GA,26.9,  
Chattooga,GA,27,  
Dooly,GA,27,  
Wayne,KY,27,  
Deaf Smith,TX,27,  
Jim Wells,TX,27,  
Cayey,PR,27.1,  
Kings,CA,27.1,  
Lea,NM,27.1,  
Macon,GA,27.2,  
Breathitt,KY,27.2,  
Grant,KS,27.2,  
Guayanilla,PR,27.3,  
Villalba,PR,27.3,  
Bee,TX,27.3,  
Dawson,TX,27.4,  
Penuelas,PR,27.4,  
Salinas,PR,27.4,  
Martin,KY,27.4,  
Glenn,CA,27.5,  
Ceiba,PR,27.5,  
Catano,PR,27.5,  
Castro,TX,27.7,  
Sabana Grande,PR,27.8,  
Sunflower,MS,27.8,  
Hardee,FL,28,  
Sevier,AR,28.2,  
Clinton,KY,28.3,  
Madera,CA,28.4,  
Yuma,AZ,28.4,  
Yauco,PR,28.4,  
Jim Hogg,TX,28.4,  
Buchanan,VA,28.4,  
Bronx,NY,28.5,  
Bullock,AL,28.6,  
Harlan,KY,28.6,  
Camuy,PR,28.6,  
Manati,PR,28.7,  
Parmer,TX,28.7,  
Finney,KS,28.7,  
Monterey,CA,28.8,  
Texas,OK,28.8,  
Colfax,NE,28.8,  
Uvalde,TX,28.8,  
Mayaguez,PR,28.8,  
Hansford,TX,29.1,  
Tallahatchie,MS,29.1,  
Ford,KS,29.2,  
Quebradillas,PR,29.2,  
Aguadilla,PR,29.2,  
Clark,ID,29.3,  
Magoffin,KY,29.4,  
San Lorenzo,PR,29.4,  
Patillas,PR,29.5,  
East Carroll,LA,29.5,  
DeSoto,FL,29.5,  
Telfair,GA,29.6,  
Naranjito,PR,29.6,  
Utuado,PR,29.6,  
Isabela,PR,29.6,  
Reagan,TX,29.6,  
Bailey,TX,29.7,  
Quitman,GA,29.7,  
Lee,KY,29.7,  
Yoakum,TX,29.8,  
Barranquitas,PR,29.9,  
Owsley,KY,29.9,  
Lee,AR,30,  
Cabo Rojo,PR,30,  
Atkinson,GA,30.1,  
Hancock,GA,30.2,  
Wilkinson,MS,30.2,  
Vega Alta,PR,30.2,  
Winkler,TX,30.4,  
Pecos,TX,30.4,  
Haskell,TX,30.4,  
Naguabo,PR,30.5,  
San German,PR,30.5,  
Hatillo,PR,30.6,  
Colusa,CA,30.6,  
Haskell,KS,30.6,  
Wolfe,KY,30.7,  
Echols,GA,30.7,  
Quitman,MS,30.8,  
Taliaferro,GA,30.9,  
Terry,TX,31,  
Whitfield,GA,31.1,  
Merced,CA,31.1,  
Tulare,CA,31.4,  
Twiggs,GA,31.4,  
Imperial,CA,31.6,  
Humphreys,MS,31.7,  
La Salle,TX,31.7,  
Corozal,PR,31.7,  
Dallam,TX,31.8,  
Noxubee,MS,31.8,  
Leslie,KY,31.8,  
Brooks,TX,31.9,  
Yabucoa,PR,32,  
Knox,KY,32,  
Anasco,PR,32.3,  
Duval,TX,32.3,  
Murray,GA,32.4,  
Guanica,PR,32.5,  
Morovis,PR,32.5,  
Ciales,PR,32.6,  
Val Verde,TX,32.6,  
Bell,KY,32.8,  
Seward,KS,32.8,  
Luna,NM,32.9,  
Aguas Buenas,PR,33.1,  
Rincon,PR,33.1,  
Webb,TX,33.3,  
Cochran,TX,33.6,  
Culebra,PR,33.6,  
Cameron,TX,33.8,  
Moca,PR,33.9,  
Aguada,PR,34.2,  
Stewart,GA,34.3,  
Issaquena,MS,34.4,  
Willacy,TX,34.6,  
Moore,TX,34.6,  
McDowell,WV,34.7,  
Adams,WA,34.8,  
Hendry,FL,34.9,  
Frio,TX,35,  
Orocovis,PR,35.6,  
Comerio,PR,35.7,  
Dimmit,TX,35.7,  
San Sebastian,PR,35.8,  
Maunabo,PR,36.1,  
Hidalgo,TX,36.3,  
Vega Baja,PR,36.5,  
Culberson,TX,36.6,  
LaGrange,IN,36.7,  
Adjuntas,PR,36.8,  
Clay,KY,37,  
Reeves,TX,37.7,  
Gaines,TX,38.3,  
Lajas,PR,38.3,  
Concho,TX,39,  
Lares,PR,39.2,  
Zavala,TX,39.7,  
Maverick,TX,40.8,  
Holmes,OH,41.8,  
Garza,TX,42,  
Las Marias,PR,44.4,  
Zapata,TX,44.6,  
Presidio,TX,47.5,  
Hudspeth,TX,49,  
Maricao,PR,49.8,  
Starr,TX,51.2,  
Kenedy,TX,58.7,  